minute,x,y,orientation,speed
1.0,36.03,-7.22,-64.11039162006479,2.533333333333333
1.0006666666666666,36.06,-7.31,-64.58434147588706,2.6027777777777774
1.0013333333333334,36.11,-7.41,-65.19328635859284,2.6694444444444443
1.002,36.15,-7.52,-65.53432859040919,2.7416666666666663
1.0026666666666666,36.2,-7.61,-65.87759531430474,2.808333333333333
1.0033333333333334,36.23,-7.72,-66.22885223920133,2.8694444444444445
1.004,36.27,-7.82,-66.4194059532635,2.9277777777777776
1.0046666666666666,36.32,-7.94,-66.84513680742683,2.9805555555555556
1.0053333333333334,36.36,-8.05,-66.99460119801773,3.0305555555555554
1.006,36.41,-8.16,-67.2836332070804,3.0694444444444446
1.0066666666666666,36.45,-8.28,-67.46787119184339,3.0944444444444446
1.0073333333333332,36.5,-8.4,-67.59020231738296,3.1222222222222222
1.008,36.54,-8.51,-67.59265012360501,3.1444444444444444
1.0086666666666668,36.59,-8.63,-67.89694054813287,3.1666666666666665
1.0093333333333334,36.63,-8.75,-67.84581744280791,3.1861111111111113
1.01,36.67,-8.87,-67.92894162955133,3.2027777777777775
1.0106666666666666,36.72,-8.98,-68.08707902643518,3.222222222222222
1.0113333333333334,36.76,-9.11,-68.0153310438352,3.247222222222222
1.012,36.82,-9.23,-68.05083618003604,3.2666666666666666
1.0126666666666666,36.86,-9.35,-67.9482699341519,3.2944444444444443
1.0133333333333332,36.91,-9.48,-67.88652727117638,3.3222222222222224
1.014,36.96,-9.6,-67.62075152383444,3.3555555555555556
1.0146666666666666,37.02,-9.72,-67.6059239624435,3.3916666666666666
1.0153333333333334,37.06,-9.85,-67.38084903081347,3.433333333333333
1.016,37.12,-9.98,-67.38466911573035,3.480555555555555
1.0166666666666666,37.17,-10.1,-67.14779422015397,3.530555555555556
1.0173333333333334,37.23,-10.23,-67.14308449129278,3.5805555555555557
1.018,37.28,-10.37,-66.96385012345024,3.6333333333333333
1.0186666666666666,37.34,-10.51,-66.94818737337894,3.6777777777777776
1.0193333333333332,37.4,-10.64,-66.59687573012317,3.727777777777778
1.02,37.46,-10.78,-66.4762810406211,3.775
1.0206666666666666,37.52,-10.92,-66.34339860166611,3.8166666666666664
1.0213333333333334,37.58,-11.06,-66.17334083327191,3.8499999999999996
1.022,37.64,-11.2,-66.07217001068227,3.888888888888889
1.0226666666666666,37.71,-11.34,-65.93928730087404,3.9194444444444443
1.0233333333333332,37.77,-11.48,-65.7244495854715,3.9388888888888887
1.024,37.83,-11.63,-65.596746301554,3.9555555555555557
1.0246666666666666,37.9,-11.77,-65.42057257245816,3.9666666666666663
1.0253333333333334,37.96,-11.92,-65.15702815107723,3.977777777777778
1.026,38.03,-12.06,-65.00894736223131,3.9805555555555556
1.0266666666666666,38.1,-12.21,-64.87189777934582,3.9833333333333334
1.0273333333333334,38.16,-12.36,-64.62403755237901,3.9833333333333334
1.028,38.23,-12.5,-64.44102187922562,3.9805555555555556
1.0286666666666666,38.29,-12.65,-64.32262143465918,3.9805555555555556
1.0293333333333332,38.36,-12.79,-64.02310721178647,3.9833333333333334
1.03,38.44,-12.93,-63.802272426552285,3.9833333333333334
1.0306666666666666,38.51,-13.07,-63.69911148729155,3.9861111111111107
1.0313333333333334,38.57,-13.21,-63.385373648472815,3.9916666666666663
1.032,38.65,-13.36,-63.22579432929526,3.9944444444444445
1.0326666666666666,38.73,-13.5,-62.94964876499554,4.0055555555555555
1.0333333333333334,38.79,-13.64,-62.74179239507833,4.013888888888888
1.034,38.87,-13.78,-62.52840363288441,4.025
1.0346666666666666,38.95,-13.92,-62.28878974019146,4.0361111111111105
1.0353333333333332,39.03,-14.06,-62.14506180479701,4.052777777777778
1.036,39.11,-14.21,-61.79448761523546,4.072222222222222
1.0366666666666666,39.18,-14.35,-61.7225229185454,4.091666666666667
1.0373333333333334,39.27,-14.49,-61.516032255247225,4.108333333333333
1.038,39.35,-14.63,-61.28110599548505,4.125
1.0386666666666666,39.43,-14.78,-61.156909868916095,4.138888888888889
1.0393333333333332,39.52,-14.92,-60.92392097920347,4.152777777777778
1.04,39.59,-15.07,-60.81328206545405,4.161111111111111
1.0406666666666666,39.67,-15.22,-60.61908490070512,4.169444444444444
1.0413333333333332,39.76,-15.36,-60.47120907433636,4.177777777777777
1.042,39.85,-15.51,-60.29148969749928,4.183333333333334
1.0426666666666666,39.93,-15.65,-60.18255952052963,4.191666666666666
1.0433333333333334,40.02,-15.79,-60.08575408611168,4.197222222222222
1.044,40.09,-15.94,-59.934289725920614,4.199999999999999
1.0446666666666666,40.18,-16.08,-59.82608004347508,4.208333333333333
1.0453333333333332,40.27,-16.23,-59.63539220700544,4.208333333333333
1.046,40.35,-16.37,-59.57264190447387,4.208333333333333
1.0466666666666666,40.44,-16.52,-59.50951435043692,4.208333333333333
1.0473333333333334,40.53,-16.66,-59.35685793190512,4.208333333333333
1.048,40.61,-16.81,-59.217498569446875,4.208333333333333
1.0486666666666666,40.69,-16.95,-59.2346361206259,4.211111111111111
1.0493333333333335,40.78,-17.1,-59.11956955205292,4.213888888888889
1.05,40.87,-17.24,-59.043368621373695,4.216666666666667
1.0506666666666666,40.96,-17.38,-58.921420623013,4.219444444444444
1.0513333333333332,41.05,-17.53,-58.90745234425159,4.219444444444444
1.052,41.13,-17.67,-58.87829439760115,4.219444444444444
1.0526666666666666,41.21,-17.82,-58.80344461488337,4.219444444444444
1.0533333333333335,41.3,-17.96,-58.714112260820265,4.216666666666667
1.054,41.39,-18.1,-58.68343112570578,4.216666666666667
1.0546666666666666,41.48,-18.25,-58.68810327414215,4.216666666666667
1.0553333333333332,41.57,-18.39,-58.67244435790149,4.216666666666667
1.056,41.66,-18.54,-58.63985142912785,4.213888888888889
1.0566666666666666,41.75,-18.68,-58.614405399714585,4.213888888888889
1.0573333333333332,41.84,-18.82,-58.64300432561917,4.211111111111111
1.058,41.92,-18.96,-58.60895000259536,4.205555555555556
1.0586666666666666,42.01,-19.11,-58.583543093008714,4.199999999999999
1.0593333333333335,42.1,-19.25,-58.600365344366146,4.194444444444445
1.06,42.19,-19.4,-58.64376842475701,4.191666666666666
1.0606666666666666,42.27,-19.54,-58.71561590346269,4.188888888888889
1.0613333333333332,42.36,-19.69,-58.75214158288973,4.180555555555555
1.062,42.45,-19.83,-58.79420260252918,4.175
1.0626666666666666,42.54,-19.97,-58.8512844714398,4.169444444444444
1.0633333333333332,42.62,-20.11,-58.81430037531652,4.158333333333333
1.064,42.71,-20.25,-58.87787382483699,4.1499999999999995
1.0646666666666667,42.8,-20.39,-58.9256155204556,4.141666666666667
1.0653333333333335,42.88,-20.53,-58.98471729605895,4.133333333333334
1.066,42.97,-20.67,-58.971518214470926,4.122222222222222
1.0666666666666667,43.06,-20.81,-59.085421587084504,4.111111111111112
1.0673333333333335,43.13,-20.95,-59.087315705895875,4.102777777777778
1.068,43.22,-21.09,-59.11359739996713,4.086111111111111
1.0686666666666667,43.31,-21.23,-59.120904510206884,4.072222222222222
1.0693333333333332,43.39,-21.38,-59.10815853338754,4.058333333333333
1.07,43.48,-21.52,-59.18073278681637,4.041666666666667
1.0706666666666667,43.56,-21.66,-59.16453124467721,4.030555555555555
1.0713333333333332,43.63,-21.79,-59.19456376892522,4.016666666666667
1.0719999999999998,43.72,-21.93,-59.27507955309265,4.008333333333333
1.0726666666666667,43.8,-22.07,-59.31257459651094,4.0
1.0733333333333335,43.88,-22.2,-59.49544986270781,3.9916666666666663
1.074,43.96,-22.34,-59.60336108959241,3.9861111111111107
1.0746666666666667,44.04,-22.48,-59.592015660921284,3.9805555555555556
1.0753333333333333,44.12,-22.62,-59.635791189304825,3.977777777777778
1.076,44.2,-22.76,-59.746754235719536,3.975
1.0766666666666667,44.28,-22.9,-59.679264311506444,3.9722222222222223
1.0773333333333333,44.36,-23.03,-59.89812747305443,3.9722222222222223
1.078,44.43,-23.17,-59.91263512810927,3.9722222222222223
1.0786666666666667,44.51,-23.31,-59.87341743775866,3.975
1.0793333333333335,44.59,-23.45,-59.93869071381662,3.975
1.0799999999999998,44.67,-23.58,-60.03448843148801,3.9722222222222223
1.0806666666666667,44.74,-23.72,-60.12947070279891,3.969444444444444
1.0813333333333333,44.83,-23.87,-60.23520165816067,3.969444444444444
1.082,44.91,-24.0,-60.40263554020573,3.961111111111111
1.0826666666666667,44.99,-24.14,-60.4692055086195,3.958333333333333
1.0833333333333333,45.07,-24.28,-60.57272656356742,3.9555555555555557
1.084,45.14,-24.41,-60.669659237816184,3.95
1.0846666666666667,45.22,-24.55,-60.758405340727165,3.944444444444444
1.0853333333333335,45.3,-24.68,-60.87505256251239,3.936111111111111
1.0859999999999999,45.38,-24.82,-61.086097328841035,3.9250000000000003
1.0866666666666667,45.45,-24.96,-61.25273665861686,3.9166666666666665
1.0873333333333333,45.53,-25.1,-61.391404029209035,3.9055555555555554
1.088,45.61,-25.23,-61.56984243639376,3.8999999999999995
1.0886666666666664,45.69,-25.37,-61.6072913902493,3.888888888888889
1.0893333333333333,45.77,-25.5,-61.65100117083157,3.8805555555555555
1.09,45.84,-25.63,-61.689149836569555,3.8749999999999996
1.0906666666666667,45.92,-25.77,-61.74638222284733,3.8694444444444445
1.0913333333333335,46.0,-25.91,-61.82144725206875,3.861111111111111
1.0919999999999999,46.06,-26.04,-61.80945505293267,3.8555555555555556
1.0926666666666667,46.14,-26.17,-61.84029702187673,3.847222222222222
1.0933333333333333,46.22,-26.3,-61.819485444194115,3.841666666666667
1.094,46.3,-26.44,-61.91930331657402,3.841666666666667
1.0946666666666667,46.38,-26.57,-61.85030647081569,3.8361111111111112
1.0953333333333333,46.45,-26.71,-61.76698762663101,3.8305555555555553
1.096,46.53,-26.84,-61.704332049640755,3.8305555555555553
1.0966666666666667,46.6,-26.97,-61.591255049512355,3.8249999999999997
1.0973333333333335,46.68,-27.1,-61.54926452307234,3.8249999999999997
1.0979999999999999,46.75,-27.24,-61.39019462533004,3.822222222222222
1.0986666666666667,46.83,-27.37,-61.372087326570075,3.822222222222222
1.0993333333333333,46.9,-27.5,-61.17064384767171,3.8166666666666664
1.1,46.98,-27.64,-60.93631698850003,3.8083333333333336
1.1006666666666667,47.05,-27.77,-60.86440642380878,3.8027777777777776
1.1013333333333333,47.13,-27.91,-60.614849748539534,3.7694444444444444
1.102,47.2,-28.04,-60.35983056132444,3.7694444444444444
1.1026666666666667,47.26,-28.17,-60.1603133352117,3.7888888888888888
1.1033333333333333,47.33,-28.3,-59.891278901021046,3.7888888888888888
1.1039999999999999,47.4,-28.43,-59.5486293297625,3.7694444444444444
1.1046666666666667,47.47,-28.56,-59.22526761910411,3.7416666666666667
1.1053333333333333,47.55,-28.7,-57.76712205617679,3.716666666666667
1.106,47.63,-28.83,-56.554676661880926,3.6888888888888887
1.1066666666666667,47.71,-28.95,-55.37435168322516,3.6416666666666666
1.1073333333333333,47.79,-29.08,-54.16114303830759,3.6416666666666666
1.108,47.86,-29.21,-53.042648559296445,3.613888888888889
1.1086666666666667,47.93,-29.33,-52.09558138618067,3.5861111111111112
1.1093333333333333,48.01,-29.45,-51.20673524363277,3.5583333333333336
1.1099999999999999,48.07,-29.58,-50.27925637895819,3.5388888888888888
1.1106666666666667,48.15,-29.69,-49.3755069965779,3.511111111111111
1.1113333333333335,48.22,-29.81,-48.725528300373306,3.486111111111111
1.1119999999999999,48.28,-29.94,-48.085317871611714,3.4777777777777774
1.1126666666666667,48.35,-30.06,-47.39086403578553,3.4722222222222223
1.1133333333333333,48.43,-30.18,-46.73325591379219,3.4611111111111112
1.114,48.51,-30.29,-46.31829997905739,3.4527777777777775
1.1146666666666667,48.58,-30.4,-45.890700152372006,3.447222222222222
1.1153333333333333,48.66,-30.5,-45.324675040609165,3.425
1.1159999999999999,48.74,-30.62,-44.94022079171075,3.4
1.1166666666666667,48.82,-30.72,-44.69953433397976,3.375
1.1173333333333335,48.91,-30.83,-44.52738389372856,3.325
1.1179999999999999,48.98,-30.92,-44.2943472908593,3.2777777777777777
1.1186666666666667,49.07,-31.03,-44.07247403572248,3.2583333333333333
1.1193333333333333,49.17,-31.13,-44.03397037942072,3.238888888888889
1.12,49.26,-31.21,-44.08942159562213,3.2249999999999996
1.1206666666666665,49.35,-31.29,-44.05772389959962,3.238888888888889
1.1213333333333333,49.45,-31.37,-44.155985231149764,3.2111111111111112
1.1219999999999999,49.54,-31.46,-44.317447414383146,3.2055555555555553
1.1226666666666667,49.63,-31.55,-45.645769022525954,3.175
1.1233333333333335,49.73,-31.64,-45.77183353633291,3.175
1.1239999999999999,49.83,-31.72,-45.919319407235335,3.1444444444444444
1.1246666666666667,49.93,-31.8,-46.10744696626996,3.125
1.1253333333333333,50.03,-31.89,-47.59786344431294,3.1361111111111106
1.1260000000000001,50.13,-31.96,-47.72279084738584,3.1305555555555555
1.1266666666666665,50.23,-32.04,-47.890853061870665,3.1111111111111107
1.1273333333333333,50.34,-32.1,-48.13043034417559,3.105555555555555
1.1280000000000001,50.43,-32.17,-48.38709581679323,3.102777777777778
1.1286666666666667,50.53,-32.24,-50.018951513874,3.102777777777778
1.1293333333333335,50.63,-32.3,-50.25166748512293,3.075
1.13,50.74,-32.38,-50.58648173583406,3.0444444444444447
1.1306666666666667,50.85,-32.43,-50.92425425225633,3.0166666666666666
1.1313333333333333,50.95,-32.49,-51.39560757029441,3.0027777777777778
1.1320000000000001,51.06,-32.53,-53.225248915288965,2.9805555555555556
1.1326666666666665,51.17,-32.59,-53.668127874259206,2.952777777777778
1.1333333333333333,51.28,-32.65,-54.153917145174816,2.952777777777778
1.1340000000000001,51.39,-32.69,-54.73245531462007,2.952777777777778
1.1346666666666667,51.5,-32.74,-56.89556728147539,2.911111111111111
1.1353333333333333,51.6,-32.78,-57.496746298200534,2.875
1.136,51.71,-32.82,-58.24646563451592,2.8027777777777776
1.1366666666666667,51.81,-32.85,-59.02718645091619,2.436111111111111
1.1373333333333333,51.9,-32.89,-59.902393020107034,2.1305555555555555
1.1380000000000001,52.0,-32.93,-62.67589312908496,1.8
1.1386666666666665,51.99,-32.98,-63.59197729191652,1.5777777777777777
1.1393333333333333,51.99,-33.04,-64.5789552657295,1.4166666666666665
1.1400000000000001,51.99,-33.1,-65.63370990925318,1.3888888888888888
1.1406666666666667,51.98,-33.15,-68.92563026952708,1.4583333333333333
1.1413333333333333,51.97,-33.21,-70.17958614804513,1.4277777777777776
1.142,51.97,-33.26,-71.52986847821131,1.3972222222222224
1.1426666666666667,51.97,-33.32,-73.52659334146458,1.3972222222222224
1.1433333333333333,51.96,-33.38,-75.48320655573438,1.3666666666666667
1.144,51.95,-33.43,-77.06238352038571,1.3666666666666667
1.1446666666666667,51.95,-33.48,-79.45627910314717,1.3666666666666667
1.1453333333333333,51.95,-33.55,-82.05445687835854,1.3666666666666667
1.1460000000000001,51.94,-33.6,-84.15537075449672,1.3611111111111112
1.1466666666666667,51.93,-33.65,-86.81216829995988,1.3611111111111112
1.1473333333333333,51.93,-33.71,-89.49664375729215,1.3666666666666667
1.148,51.93,-33.77,-91.97106553809891,1.3666666666666667
1.1486666666666667,51.91,-33.82,-94.83802526740328,1.3666666666666667
1.1493333333333333,51.9,-33.88,-97.59261515766231,1.3666666666666667
1.15,51.9,-33.93,-100.66567021659414,1.3666666666666667
1.1506666666666667,51.9,-33.99,-103.57033475874518,1.336111111111111
1.1513333333333333,51.89,-34.05,-106.67878277000644,1.3305555555555555
1.1520000000000001,51.88,-34.1,-109.96724279103664,1.325
1.1526666666666665,51.88,-34.15,-113.18749317582132,1.1388888888888888
1.1533333333333333,51.88,-34.21,-116.30159178907999,0.9555555555555555
1.154,51.87,-34.27,-119.52133807460321,0.7694444444444444
1.1546666666666667,51.86,-34.27,-122.91652748126297,0.5888888888888889
1.1553333333333333,51.85,-34.27,-126.41696986045726,0.425
1.156,51.85,-34.27,-129.6133179171956,0.3027777777777778
1.1566666666666667,51.84,-34.27,-133.12717863855826,0.2777777777777778
1.1573333333333333,51.83,-34.27,-136.1846696399011,0.2777777777777778
1.1580000000000001,51.81,-34.27,-139.27160912390326,0.2777777777777778
1.1586666666666665,51.81,-34.27,-142.15873133021017,0.2777777777777778
1.1593333333333333,51.8,-34.27,-145.00492314589783,0.2777777777777778
1.16,51.79,-34.27,-148.36858021514,0.2777777777777778
1.1606666666666667,51.78,-34.27,-151.42837599741546,0.2777777777777778
1.1613333333333336,51.77,-34.27,-153.97451998862394,0.2777777777777778
1.162,51.77,-34.27,-157.20680506313835,0.2777777777777778
1.1626666666666667,51.76,-34.27,-159.88469520734228,0.2777777777777778
1.1633333333333333,51.75,-34.27,-162.9535703525004,0.2777777777777778
1.1640000000000001,51.74,-34.27,-165.30640876989114,0.2777777777777778
1.1646666666666665,51.73,-34.27,-167.50379047356108,0.2777777777777778
1.1653333333333333,51.73,-34.27,-170.7209278482678,0.2777777777777778
1.166,51.71,-34.27,-172.83751394798142,0.2777777777777778
1.1666666666666667,51.7,-34.27,-175.9772290368922,0.2777777777777778
1.1673333333333333,51.69,-34.27,-178.91173169943767,0.2777777777777778
1.168,51.69,-34.27,178.3478494807583,0.2777777777777778
1.1686666666666667,51.68,-34.27,175.6128399910195,0.2777777777777778
1.1693333333333333,51.67,-34.27,173.1215346426547,0.2777777777777778
1.1700000000000002,51.66,-34.27,170.34518300286172,0.2777777777777778
1.1706666666666665,51.65,-34.27,168.15444137053174,0.2777777777777778
1.1713333333333333,51.65,-34.27,165.47493092621164,0.2777777777777778
1.172,51.64,-34.27,164.43181233716754,0.2777777777777778
1.1726666666666667,51.63,-34.27,162.87103664598212,0.2777777777777778
1.1733333333333333,51.62,-34.27,162.0549860798008,0.2777777777777778
1.174,51.62,-34.27,160.72090541278766,0.2777777777777778
1.1746666666666667,51.6,-34.27,160.16641054947556,0.28055555555555556
1.1753333333333333,51.59,-34.27,158.94415584216745,0.2833333333333333
1.176,51.58,-34.26,158.52199044646483,0.29444444444444445
1.1766666666666665,51.56,-34.25,157.4770083975294,0.3055555555555556
1.1773333333333333,51.55,-34.25,157.2687128808468,0.3194444444444444
1.1780000000000002,51.54,-34.24,156.29773593523672,0.3194444444444444
1.1786666666666668,51.53,-34.23,156.16873725343765,0.3361111111111111
1.1793333333333333,51.5,-34.23,155.3638347900989,0.3527777777777778
1.18,51.49,-34.22,155.4303009881988,0.3527777777777778
1.1806666666666668,51.48,-34.21,154.67450120525615,0.3527777777777778
1.1813333333333333,51.46,-34.21,154.80384268079644,0.3527777777777778
1.182,51.45,-34.2,154.2459233958778,0.3527777777777778
1.1826666666666665,51.44,-34.2,154.56946035735476,0.3527777777777778
1.1833333333333333,51.43,-34.19,154.03818156531506,0.3527777777777778
1.1840000000000002,51.4,-34.18,154.4428492739484,0.36944444444444446
1.1846666666666665,51.39,-34.18,154.09409501420632,0.3527777777777778
1.1853333333333333,51.38,-34.17,154.7321106548022,0.3527777777777778
1.186,51.37,-34.16,154.4793699224765,0.3527777777777778
1.1866666666666668,51.35,-34.15,155.23618598823938,0.3527777777777778
1.1873333333333334,51.34,-34.14,155.23155717019034,0.3527777777777778
1.188,51.33,-34.14,155.61987698214543,0.3527777777777778
1.1886666666666665,51.3,-34.14,155.09484793821758,0.3527777777777778
1.1893333333333334,51.29,-34.13,154.53058303869068,0.3527777777777778
1.1900000000000002,51.28,-34.13,153.92065231530924,0.3527777777777778
1.1906666666666665,51.27,-34.12,154.39524986238806,0.3527777777777778
1.1913333333333334,51.25,-34.11,153.8480040719978,0.38611111111111107
1.192,51.24,-34.1,153.2521333664929,0.3527777777777778
1.1926666666666668,51.23,-34.09,153.71210409348362,0.3527777777777778
1.1933333333333331,51.22,-34.09,154.15615150154923,0.3527777777777778
1.194,51.19,-34.08,154.58913654779235,0.3527777777777778
1.1946666666666668,51.18,-34.07,155.0156350094297,0.3527777777777778
1.1953333333333334,51.17,-34.07,154.27810769995244,0.3527777777777778
1.1960000000000002,51.15,-34.06,154.6008790184612,0.3527777777777778
1.1966666666666665,51.14,-34.06,154.92765141221957,0.3361111111111111
1.1973333333333334,51.13,-34.05,155.26260265718204,0.3194444444444444
1.198,51.12,-34.04,155.6100826218275,0.3055555555555556
1.1986666666666668,51.09,-34.04,154.70024012734532,0.3055555555555556
1.1993333333333331,51.08,-34.03,154.9505671613959,0.29444444444444445
1.2,51.08,-34.03,155.22214926618946,0.2833333333333333
1.2006666666666668,51.07,-34.03,155.52078897107975,0.24722222222222223
1.2013333333333334,51.07,-34.03,154.3391380304832,0.23888888888888887
1.2020000000000002,51.06,-34.03,154.52040994297576,0.19722222222222222
1.2026666666666666,51.06,-34.03,154.73723383766279,0.19722222222222222
1.2033333333333334,51.05,-34.03,154.9993056486267,0.15833333333333333
1.204,51.05,-34.03,155.31865348313886,0.15833333333333333
1.2046666666666668,51.04,-34.03,153.60745095918978,0.11944444444444444
1.2053333333333331,51.04,-34.03,153.75125261519432,0.15833333333333333
1.206,51.03,-34.03,153.96672362624702,0.11944444444444444
1.2066666666666668,51.03,-34.03,154.28120333427879,0.15833333333333333
1.2073333333333334,51.02,-34.03,151.21282952607058,0.11944444444444444
1.208,51.02,-34.03,151.00927266496714,0.15833333333333333
1.2086666666666666,51.0,-34.03,150.83846088537666,0.11944444444444444
1.2093333333333334,51.0,-34.03,145.39929394019606,0.15833333333333333
1.21,50.99,-34.03,139.30323745836583,0.11944444444444444
1.2106666666666668,50.99,-34.03,133.20080845114282,0.15833333333333333
1.2113333333333334,50.98,-34.03,108.4084169863199,0.11944444444444444
1.212,50.98,-34.03,69.9164821349326,0.15833333333333333
1.2126666666666668,50.97,-34.03,35.78030868085068,0.11944444444444444
1.2133333333333334,50.97,-34.03,21.144236834176173,0.15833333333333333
1.214,50.96,-34.03,14.395642957116724,0.11944444444444444
1.2146666666666666,50.96,-34.03,6.718967062637907,0.15833333333333333
1.2153333333333334,50.95,-34.03,5.02852737893092,0.11944444444444444
1.216,50.95,-34.03,1.007230298470641,0.15833333333333333
1.2166666666666666,50.94,-34.03,0.659783363792568,0.11944444444444444
1.2173333333333334,50.94,-34.03,-0.7752507093704791,0.15833333333333333
1.218,50.93,-34.03,-2.8836552051956486,0.11944444444444444
1.2186666666666668,50.93,-34.03,-2.633911680362821,0.15833333333333333
1.2193333333333334,50.92,-34.03,-2.3002052304285945,0.11944444444444444
1.22,50.92,-34.03,-2.531848175757845,0.15833333333333333
1.2206666666666666,50.9,-34.03,-2.082095530022692,0.11944444444444444
1.2213333333333334,50.9,-34.03,-3.0685948973099286,0.11944444444444444
1.222,50.89,-34.03,-3.9799175120972765,0.08055555555555555
1.2226666666666666,50.89,-34.03,-3.4797711491636805,0.08055555555555555
1.2233333333333334,50.88,-34.03,-4.216774836899283,0.03888888888888889
1.224,50.88,-34.03,-3.689400745953202,0.03888888888888889
1.2246666666666668,50.87,-34.03,-3.5595396964669934,0.0
1.2253333333333332,50.87,-34.03,-2.97440185694756,0.0
1.226,50.87,-34.03,-2.3506640582838734,0.0
1.2266666666666666,50.87,-34.03,-2.7254970906953138,0.0
1.2273333333333334,50.87,-34.03,-2.6460693179520045,0.0
1.2280000000000002,50.87,-34.03,-1.994294675679039,0.0
1.2286666666666666,50.87,-34.03,-2.254888723733571,0.0
1.2293333333333334,50.87,-34.03,-1.924548408460581,0.0
1.23,50.87,-34.03,-2.1417953249365076,0.0
1.2306666666666668,50.87,-34.03,-1.453658139766211,0.0
1.2313333333333332,50.87,-34.03,-0.7131270905239362,0.0
1.232,50.87,-34.03,-0.7874440829279262,0.0
1.2326666666666666,50.87,-34.03,1.2088274677070295e-15,0.0
1.2333333333333334,50.87,-34.03,9.947685705909202e-16,0.0
1.2340000000000002,50.87,-34.03,9.662586267611273e-16,0.0
1.2346666666666666,50.87,-34.03,7.772791829119623e-16,0.0
1.2353333333333334,50.87,-34.03,7.557995815177415e-16,0.0
1.236,50.87,-34.03,5.881395200189796e-16,0.0
1.2366666666666668,50.87,-34.03,5.730645770883196e-16,0.0
1.2373333333333332,50.87,-34.03,4.236988231503231e-16,0.0
1.238,50.87,-34.03,4.145413174962475e-16,0.0
1.2386666666666666,50.87,-34.03,2.810186501455437e-16,0.0
1.2393333333333334,50.87,-34.03,2.7741070494751706e-16,0.0
1.24,50.87,-34.03,1.5773424485642273e-16,0.0
1.2406666666666666,50.87,-34.03,1.594136259348119e-16,0.0
1.2413333333333334,50.87,-34.03,5.1951404664518465e-17,0.0
1.242,50.87,-34.03,5.875235058581938e-17,0.0
1.2426666666666668,50.87,-34.03,-3.7829968904792157e-17,0.0
1.2433333333333332,50.87,-34.03,-2.5981928522722163e-17,0.0
1.244,50.87,-34.03,-1.1277167233706813e-16,0.0
1.2446666666666668,50.87,-34.03,-9.586116159838535e-17,0.0
1.2453333333333334,50.87,-34.03,-1.7373641234391363e-16,0.0
1.246,50.87,-34.03,-1.5165589164825587e-16,0.0
1.2466666666666666,50.87,-34.03,-2.2131300213608759e-16,0.0
1.2473333333333334,50.87,-34.03,-1.9385636994999415e-16,0.0
1.248,50.87,-34.03,0.5239382987375394,0.0
1.2486666666666666,50.87,-34.03,1.1251485259004939,0.0
1.2493333333333332,50.87,-34.03,0.9681198029096516,0.0
1.25,50.87,-34.03,1.571932925498737,0.0
1.2506666666666668,50.87,-34.03,1.976151686274035,0.0
1.2513333333333334,50.87,-34.03,2.229919652621811,0.0
1.252,50.87,-34.03,2.2025395261821137,0.0
1.2526666666666666,50.87,-34.03,2.5316124683182597,0.0
1.2533333333333334,50.87,-34.03,2.6121484359723706,0.0
1.254,50.87,-34.03,2.2857402644637648,0.0
1.2546666666666666,50.87,-34.03,2.484249340716676,0.0
1.2553333333333332,50.87,-34.03,2.5593345700165875,0.0
1.256,50.87,-34.03,2.67596096159993,0.0
1.2566666666666668,50.87,-34.03,2.6748033300143734,0.0
1.2573333333333332,50.87,-34.03,2.571806718001337,0.0
1.258,50.87,-34.03,2.504350739654432,0.0
1.2586666666666666,50.87,-34.03,2.576764804816884,0.0
1.2593333333333334,50.87,-34.03,2.145468611730066,0.0
1.26,50.87,-34.03,2.0489505024656602,0.0
1.2606666666666666,50.87,-34.03,1.7508623828463759,0.0
1.2613333333333334,50.87,-34.03,1.4143834020622181,0.0
1.262,50.87,-34.03,1.0377458109434343,0.0
1.2626666666666668,50.87,-34.03,0.6188049842883325,0.0
1.2633333333333332,50.87,-34.03,0.3966769096771659,0.0
1.264,50.87,-34.03,0.015226266358353694,0.0
1.2646666666666666,50.87,-34.03,-0.5888422120107105,0.0
1.2653333333333334,50.87,-34.03,-1.2475554339593753,0.0
1.2659999999999998,50.87,-34.03,-2.189748467473114,0.0
1.2666666666666666,50.87,-34.03,-2.951842702117247,0.0
1.2673333333333334,50.87,-34.03,-3.553907658874109,0.0
1.268,50.87,-34.03,-4.331598985993342,0.0
1.2686666666666668,50.87,-34.03,-5.372528424153065,0.0
1.2693333333333332,50.87,-34.03,-6.345961912120983,0.0
1.27,50.87,-34.03,-8.300675442432055,0.0
1.2706666666666666,50.87,-34.03,-9.612273554950315,0.0
1.2713333333333334,50.87,-34.03,-10.899222806560982,0.0
1.2719999999999998,50.87,-34.03,-12.340493379664162,0.0
1.2726666666666666,50.87,-34.03,-14.134930005853729,0.0
1.2733333333333334,50.87,-34.03,-15.965001959538283,0.0
1.274,50.87,-34.03,-18.921308439136254,0.0
1.2746666666666668,50.87,-34.03,-21.244588301066365,0.0
1.2753333333333332,50.87,-34.03,-23.705033667116474,0.0
1.276,50.87,-34.03,-26.626828744302962,0.0
1.2766666666666666,50.87,-34.03,-29.794741438391696,0.0
1.2773333333333334,50.87,-34.03,-33.226897009875785,0.0
1.278,50.87,-34.03,-37.014328784119705,0.0
1.2786666666666666,50.87,-34.03,-41.690379963263275,0.0
1.2793333333333334,50.87,-34.03,-46.02564538749102,0.030555555555555555
1.28,50.87,-34.03,-50.54921846253143,0.075
1.2806666666666666,50.87,-34.03,-56.080754050142986,0.12222222222222222
1.2813333333333332,50.86,-34.04,-60.98400602068271,0.17222222222222222
1.282,50.85,-34.06,-65.94190239343524,0.22222222222222224
1.2826666666666666,50.84,-34.06,-70.79310426486964,0.24722222222222223
1.2833333333333334,50.84,-34.07,-75.91692822266155,0.2972222222222222
1.284,50.83,-34.09,-80.51150086897194,0.32499999999999996
1.2846666666666666,50.82,-34.1,-85.34398375847205,0.375
1.2853333333333334,50.8,-34.11,-90.71017356686376,0.375
1.286,50.79,-34.13,-94.42730238684686,0.375
1.2866666666666666,50.78,-34.14,-97.86335502358818,0.3972222222222222
1.2873333333333332,50.78,-34.14,-101.0242129483723,0.375
1.288,50.77,-34.16,-103.55530496930037,0.375
1.2886666666666666,50.76,-34.17,-106.6804801898751,0.3972222222222222
1.2893333333333332,50.75,-34.19,-110.14744270555376,0.375
1.29,50.74,-34.2,-112.19771820758294,0.375
1.2906666666666666,50.73,-34.21,-114.06826999720936,0.3972222222222222
1.2913333333333334,50.72,-34.22,-115.77580305507898,0.375
1.292,50.72,-34.23,-118.71587563340634,0.375
1.2926666666666666,50.7,-34.24,-121.15425358153716,0.3972222222222222
1.2933333333333332,50.69,-34.26,-123.19107560474977,0.375
1.294,50.68,-34.27,-124.903103634663,0.375
1.2946666666666669,50.67,-34.28,-126.34931701794603,0.375
1.2953333333333332,50.66,-34.29,-127.57527816034182,0.375
1.296,50.65,-34.3,-128.61641637085106,0.375
1.2966666666666666,50.65,-34.31,-129.50046070451694,0.375
1.2973333333333334,50.64,-34.33,-130.24923408339814,0.375
1.2979999999999998,50.63,-34.34,-130.87997728411756,0.3972222222222222
1.2986666666666666,50.62,-34.35,-131.40632883125193,0.375
1.2993333333333332,50.6,-34.36,-131.8390524458846,0.375
1.3,50.59,-34.37,-132.18657783133216,0.3972222222222222
1.3006666666666669,50.59,-34.38,-132.45540170759708,0.375
1.3013333333333332,50.58,-34.4,-132.65038238061382,0.375
1.302,50.57,-34.41,-132.77495126683075,0.3972222222222222
1.3026666666666666,50.56,-34.43,-132.83125754873066,0.375
1.3033333333333335,50.55,-34.43,-132.82025666894077,0.375
1.3039999999999998,50.54,-34.44,-132.74174905521917,0.3972222222222222
1.3046666666666666,50.53,-34.46,-132.59437182923764,0.375
1.3053333333333332,50.53,-34.47,-132.37554290013838,0.375
1.306,50.52,-34.48,-132.08135342827816,0.3972222222222222
1.3066666666666669,50.51,-34.5,-131.7064008057803,0.375
1.3073333333333332,50.49,-34.5,-131.24354962311847,0.375
1.308,50.48,-34.51,-130.68360205004086,0.375
1.3086666666666666,50.47,-34.53,-130.0148509554145,0.3527777777777778
1.3093333333333335,50.47,-34.54,-129.22247797392302,0.3527777777777778
1.3099999999999998,50.46,-34.55,-128.28774332115117,0.375
1.3106666666666666,50.45,-34.57,-127.18689283198117,0.3527777777777778
1.3113333333333335,50.44,-34.58,-125.88967863561732,0.3527777777777778
1.312,50.43,-34.58,-124.35735185466093,0.375
1.3126666666666666,50.42,-34.6,-122.53994051185475,0.375
1.3133333333333332,50.41,-34.61,-120.37258502705211,0.375
1.314,50.41,-34.62,-117.77070637287751,0.375
1.3146666666666667,50.39,-34.64,-116.330128883785,0.375
1.3153333333333335,50.38,-34.65,-114.31857431721967,0.375
1.3159999999999998,50.37,-34.65,-113.34928404319115,0.375
1.3166666666666667,50.36,-34.67,-110.32669832640077,0.375
1.3173333333333335,50.35,-34.68,-107.65171258624426,0.375
1.318,50.34,-34.7,-105.19708301908788,0.375
1.3186666666666667,50.34,-34.71,-102.93421789248325,0.375
1.3193333333333332,50.33,-34.72,-99.52986541622573,0.3972222222222222
1.32,50.32,-34.73,-96.33138263865023,0.3972222222222222
1.3206666666666667,50.31,-34.74,-89.5153011427391,0.375
1.3213333333333332,50.29,-34.75,-84.71213445012025,0.375
1.3219999999999998,50.28,-34.77,-80.091961628196,0.3472222222222222
1.3226666666666667,50.28,-34.78,-74.79213758856281,0.2972222222222222
1.3233333333333335,50.27,-34.79,-69.7505363200363,0.24722222222222223
1.324,50.26,-34.8,-64.61690970423771,0.22222222222222224
1.3246666666666667,50.25,-34.81,-59.47550755396831,0.17222222222222222
1.3253333333333333,50.25,-34.81,-53.554874044500814,0.12222222222222222
1.326,50.25,-34.81,-48.64536894301529,0.075
1.3266666666666667,50.25,-34.81,-43.887337792750984,0.030555555555555555
1.3273333333333333,50.25,-34.81,-39.54822111198769,0.0
1.328,50.25,-34.81,-35.51614204798891,0.0
1.3286666666666667,50.25,-34.81,-31.797890852748523,0.0
1.3293333333333335,50.25,-34.81,-28.38832401124765,0.0
1.3299999999999998,50.25,-34.81,-25.21261104441095,0.0
1.3306666666666667,50.25,-34.81,-22.554430486623257,0.0
1.3313333333333333,50.25,-34.81,-20.064137004436862,0.0
1.332,50.25,-34.81,-17.805839184787448,0.0
1.3326666666666667,50.25,-34.81,-15.476485313517703,0.0
1.3333333333333333,50.25,-34.81,-13.588399850689699,0.0
1.334,50.25,-34.81,-11.5845012131079,0.0
1.3346666666666667,50.25,-34.81,-10.335017697202506,0.0
1.3353333333333335,50.25,-34.81,-7.871159361851606,0.0
1.3359999999999999,50.25,-34.81,-6.79451186337713,0.0
1.3366666666666667,50.25,-34.81,-5.2270231123594275,0.0
1.3373333333333333,50.25,-34.81,-4.372598487148838,0.0
1.338,50.25,-34.81,-3.749720402094513,0.0
1.3386666666666664,50.25,-34.81,-3.1786991420560566,0.0
1.3393333333333333,50.25,-34.81,-1.6906299846088568,0.0
1.34,50.25,-34.81,-1.3919153556866646,0.0
1.3406666666666667,50.25,-34.81,-0.33252955745127294,0.0
1.3413333333333335,50.25,-34.81,0.09203164358984098,0.0
1.3419999999999999,50.25,-34.81,0.3226316720609942,0.0
1.3426666666666667,50.25,-34.81,0.4033715872979184,0.0
1.3433333333333333,50.25,-34.81,0.6908430851761777,0.0
1.344,50.25,-34.81,1.52344861703962,0.0
1.3446666666666667,50.25,-34.81,1.6627054897826705,0.0
1.3453333333333333,50.25,-34.81,2.308458865832999,0.0
1.346,50.25,-34.81,2.297743501395893,0.0
1.3466666666666667,50.25,-34.81,2.405837502042779,0.0
1.3473333333333335,50.25,-34.81,2.1675838872077873,0.0
1.3479999999999999,50.25,-34.81,2.888884367686755,0.0
1.3486666666666667,50.25,-34.81,2.826217612431547,0.0
1.3493333333333333,50.25,-34.81,3.241073920125918,0.0
1.35,50.25,-34.81,3.02508395001941,0.0
1.3506666666666667,50.25,-34.81,2.9209279645707107,0.0
1.3513333333333333,50.25,-34.81,2.540156989410934,0.0
1.352,50.25,-34.81,2.073548195730627,0.0
1.3526666666666667,50.25,-34.81,2.54759161319738,0.0
1.3533333333333333,50.25,-34.81,2.1625040512703233,0.0
1.3539999999999999,50.25,-34.81,1.6624578828804393,0.0
1.3546666666666667,50.25,-34.81,1.3945637516289318,0.0
1.3553333333333333,50.25,-34.81,0.6407410012091784,0.0
1.356,50.25,-34.81,-0.33767489424567354,0.0
1.3566666666666667,50.25,-34.81,-1.1702612194158735,0.0
1.3573333333333333,50.25,-34.81,-1.1652749652231902,0.0
1.358,50.25,-34.81,-2.285341156361145,0.0
1.3586666666666667,50.25,-34.81,-2.7629180064257866,0.0
1.3593333333333333,50.25,-34.81,-3.257536803520487,0.0
1.3599999999999999,50.25,-34.81,-3.631913726669233,0.0
1.3606666666666667,50.25,-34.81,-4.15219038140949,0.0
1.3613333333333335,50.25,-34.81,-4.6920051831982805,0.0
1.3619999999999999,50.25,-34.81,-5.251324712636051,0.0
1.3626666666666667,50.25,-34.81,-5.59464105590501,0.0
1.3633333333333333,50.25,-34.81,-6.185666783427408,0.0
1.364,50.25,-34.81,-6.798897102829551,0.0
1.3646666666666667,50.25,-34.81,-7.111960598313077,0.0
1.3653333333333333,50.25,-34.81,-7.762953893546415,0.0
1.3659999999999999,50.25,-34.81,-6.934225520715467,0.0
1.3666666666666667,50.25,-34.81,-7.3644653477013335,0.0
1.3673333333333335,50.24,-34.81,-8.169374225431614,0.0
1.3679999999999999,50.24,-34.81,-9.012922777264851,0.030555555555555555
1.3686666666666667,50.24,-34.82,-9.895082803688078,0.030555555555555555
1.3693333333333333,50.23,-34.82,-10.252437444569544,0.06388888888888888
1.37,50.23,-34.82,-9.387250559860638,0.06388888888888888
1.3706666666666665,50.23,-34.82,-10.45928100959863,0.06388888888888888
1.3713333333333333,50.23,-34.82,-10.942123499857113,0.075
1.3719999999999999,50.22,-34.82,-12.099181373231533,0.075
1.3726666666666667,50.22,-34.83,-13.319156351272627,0.09444444444444444
1.3733333333333335,50.22,-34.83,-14.601054100587087,0.09444444444444444
1.3739999999999999,50.21,-34.83,-15.94243121338227,0.075
1.3746666666666667,50.21,-34.83,-17.339088152764518,0.06388888888888888
1.3753333333333333,50.21,-34.83,-18.784761017955656,0.06388888888888888
1.3760000000000001,50.19,-34.83,-20.270836345627508,0.075
1.3766666666666665,50.19,-34.83,-21.786119971669848,0.10277777777777777
1.3773333333333333,50.19,-34.84,-23.316695889431102,0.09444444444444444
1.3780000000000001,50.19,-34.84,-24.845912217219645,0.075
1.3786666666666667,50.18,-34.84,-26.35452710348522,0.075
1.3793333333333335,50.18,-34.84,-27.82103666519768,0.06388888888888888
1.38,50.18,-34.84,-29.222190276011478,0.075
1.3806666666666667,50.17,-34.84,-30.53367786241286,0.075
1.3813333333333333,50.17,-34.85,-31.73095304832346,0.09444444444444444
1.3820000000000001,50.17,-34.85,-32.79013937198174,0.09444444444444444
1.3826666666666665,50.16,-34.85,-33.68895799558952,0.075
1.3833333333333333,50.16,-34.85,-34.40761588784825,0.075
1.3840000000000001,50.16,-34.85,-34.9296022475995,0.06388888888888888
1.3846666666666667,50.15,-34.85,-35.24235454633796,0.075
1.3853333333333333,50.15,-34.85,-35.33776961709488,0.075
1.386,50.15,-34.86,-35.21254598187416,0.09444444444444444
1.3866666666666667,50.15,-34.86,-34.868349323474064,0.075
1.3873333333333333,50.14,-34.86,-34.311794381150705,0.075
1.3880000000000001,50.14,-34.86,-33.55423638157947,0.06388888888888888
1.3886666666666665,50.14,-34.86,-32.611367165882086,0.075
1.3893333333333333,50.13,-34.86,-31.502618649749195,0.075
1.3900000000000001,50.13,-34.86,-30.250390386325943,0.09444444444444444
1.3906666666666667,50.13,-34.87,-28.879137195397334,0.09444444444444444
1.3913333333333333,50.12,-34.87,-27.414372821485408,0.075
1.392,50.12,-34.87,-25.8816607545114,0.075
1.3926666666666667,50.12,-34.87,-24.30566869838893,0.06388888888888888
1.3933333333333333,50.11,-34.87,-22.709356287096753,0.075
1.394,50.11,-34.87,-21.113347638402487,0.075
1.3946666666666667,50.11,-34.87,-19.535515394387037,0.09444444444444444
1.3953333333333333,50.11,-34.87,-17.99077669766396,0.10277777777777777
1.3960000000000001,50.09,-34.87,-16.491079307558905,0.075
1.3966666666666667,50.09,-34.87,-15.04554109535352,0.06388888888888888
1.3973333333333333,50.09,-34.87,-13.660699421965305,0.06388888888888888
1.398,50.08,-34.87,-12.340827363347463,0.075
1.3986666666666667,50.08,-34.87,-11.088279253431885,0.09444444444444444
1.3993333333333333,50.08,-34.88,-9.903836161436182,0.09444444444444444
1.4,50.07,-34.88,-8.787030679520308,0.075
1.4006666666666667,50.07,-34.88,-8.204301099894979,0.075
1.4013333333333333,50.07,-34.88,-7.17622367175614,0.06388888888888888
1.4020000000000001,50.07,-34.88,-7.982236451587073,0.06388888888888888
1.4026666666666665,50.06,-34.88,-7.527790986531068,0.06388888888888888
1.4033333333333333,50.06,-34.89,-6.688294368378882,0.030555555555555555
1.404,50.06,-34.89,-5.889721633058476,0.030555555555555555
1.4046666666666667,50.05,-34.89,-5.131396040005334,0.0
1.4053333333333333,50.05,-34.89,-4.630304828764968,0.0
1.406,50.05,-34.89,-5.404224843253819,0.0
1.4066666666666667,50.05,-34.89,-4.795121520788306,0.0
1.4073333333333333,50.05,-34.89,-4.4089303743557915,0.0
1.4080000000000001,50.05,-34.89,-3.836020302998227,0.0
1.4086666666666665,50.05,-34.89,-3.2864438516006356,0.0
1.4093333333333333,50.05,-34.89,-2.879442574828554,0.0
1.41,50.05,-34.89,-2.3594031719200643,0.0
1.4106666666666667,50.05,-34.89,-3.0742799630434696,0.0
1.4113333333333336,50.05,-34.89,-2.6566629925771057,0.0
1.412,50.05,-34.89,-2.3435561983992916,0.0
1.4126666666666667,50.05,-34.89,-1.9444821596334827,0.0
1.4133333333333333,50.05,-34.89,-1.558375532116341,0.0
1.4140000000000001,50.05,-34.89,-1.1893013861657336,0.0
1.4146666666666665,50.05,-34.89,-0.9310875873496076,0.0
1.4153333333333333,50.05,-34.89,-0.7703040131646668,0.0
1.416,50.05,-34.89,-0.6281197879678468,0.0
1.4166666666666667,50.05,-34.89,-0.444338045873086,0.0
1.4173333333333333,50.05,-34.89,-0.27816976867089055,0.0
1.418,50.05,-34.89,0.7329505198541154,0.0
1.4186666666666667,50.05,-34.89,0.8095257982103061,0.0
1.4193333333333333,50.05,-34.89,-0.01105350898606495,0.0
1.4200000000000002,50.05,-34.89,0.00756419866133978,0.0
1.4206666666666665,50.05,-34.89,0.03510654937303588,0.0
1.4213333333333333,50.05,-34.89,0.8636816478284034,0.0
1.422,50.05,-34.89,0.7956027294647914,0.0
1.4226666666666667,50.05,-34.89,0.7857500569420407,0.0
1.4233333333333333,50.05,-34.89,0.7635619084676994,0.0
1.424,50.05,-34.89,-0.10384121174189302,0.0
1.4246666666666667,50.05,-34.89,0.5888435803503764,0.0
1.4253333333333333,50.05,-34.89,0.43581025923013794,0.0
1.426,50.05,-34.89,0.2920845037106758,0.0
1.4266666666666665,50.05,-34.89,0.15846606842061145,0.0
1.4273333333333333,50.05,-34.89,0.034193280207671574,0.0
1.4280000000000002,50.05,-34.89,0.6933273124677493,0.0
1.4286666666666668,50.05,-34.89,0.511490233068021,0.0
1.4293333333333333,50.05,-34.89,0.340368265266766,0.0
1.43,50.05,-34.89,0.17910723584557808,0.0
1.4306666666666668,50.05,-34.89,0.026871451075240922,0.0
1.4313333333333333,50.05,-34.89,-0.11942706242859381,0.0
1.432,50.05,-34.89,-0.24968174537196997,0.0
1.4326666666666665,50.05,-34.89,-1.2973284272799488,0.0
1.4333333333333333,50.05,-34.89,-1.5666803469397257,0.0
1.4340000000000002,50.05,-34.89,-1.7385461732627276,0.0
1.4346666666666665,50.05,-34.89,-1.0715464584168621,0.0
1.4353333333333333,50.05,-34.89,-1.3581727719070162,0.0
1.436,50.05,-34.89,-1.698558125529227,0.0
1.4366666666666668,50.05,-34.89,-2.9831602559717245,0.0
1.4373333333333334,50.05,-34.89,-3.4071948808919275,0.0
1.438,50.05,-34.89,-2.930127939368691,0.0
1.4386666666666665,50.05,-34.89,-3.4754561918853932,0.0
1.4393333333333334,50.05,-34.89,-3.892504264661794,0.0
1.4400000000000002,50.05,-34.89,-4.457370127761251,0.0
1.4406666666666665,50.05,-34.89,-5.038363173509492,0.0
1.4413333333333334,50.05,-34.89,-4.439254727976003,0.0
1.442,50.05,-34.89,-4.934331564198552,0.0
1.4426666666666668,50.05,-34.89,-5.6328878812295,0.0
1.4433333333333331,50.05,-34.89,-6.355041108611226,0.0
1.444,50.05,-34.89,-7.100185208840483,0.0
1.4446666666666668,50.05,-34.89,-7.86741530174982,0.0
1.4453333333333334,50.05,-34.89,-8.655488488932587,0.0
1.4460000000000002,50.05,-34.89,-9.462784672809605,0.0
1.4466666666666665,50.05,-34.89,-10.287268747766356,0.0
1.4473333333333334,50.04,-34.89,-11.126455840915739,0.0
1.448,50.04,-34.9,-11.977381558693505,0.030555555555555555
1.4486666666666668,50.04,-34.9,-12.83657942233563,0.030555555555555555
1.4493333333333331,50.04,-34.9,-13.700067815350451,0.030555555555555555
1.45,50.03,-34.9,-14.56334878286171,0.06388888888888888
1.4506666666666668,50.03,-34.9,-15.421420882624423,0.09444444444444444
1.4513333333333334,50.03,-34.91,-16.268807965683305,0.09444444444444444
1.4520000000000002,50.03,-34.91,-17.09960525076186,0.09444444444444444
1.4526666666666666,50.02,-34.91,-17.90754336009106,0.09444444444444444
1.4533333333333334,50.02,-34.91,-18.686070138001856,0.09444444444444444
1.454,50.02,-34.91,-19.428449132331515,0.09444444444444444
1.4546666666666668,50.02,-34.92,-20.127872655783648,0.09444444444444444
1.4553333333333331,50.01,-34.92,-20.77758644268321,0.09444444444444444
1.456,50.01,-34.92,-21.371022157065152,0.09444444444444444
1.4566666666666668,50.01,-34.92,-21.901933457658338,0.09444444444444444
1.4573333333333334,49.99,-34.92,-22.3645310266279,0.09444444444444444
1.458,49.99,-34.93,-22.75361193414759,0.09444444444444444
1.4586666666666666,49.99,-34.93,-23.064678921827895,0.09444444444444444
1.4593333333333334,49.99,-34.93,-23.2940456021245,0.09444444444444444
1.46,49.98,-34.93,-23.43892413157034,0.09444444444444444
1.4606666666666668,49.98,-34.93,-23.497492565051715,0.09444444444444444
1.4613333333333334,49.98,-34.94,-23.468939788361315,0.09444444444444444
1.462,49.98,-34.94,-23.353486626356865,0.09444444444444444
1.4626666666666668,49.97,-34.94,-23.15238242316949,0.09444444444444444
1.4633333333333334,49.97,-34.94,-22.867877093677148,0.09444444444444444
1.464,49.97,-34.94,-22.50316936385992,0.09444444444444444
1.4646666666666666,49.97,-34.94,-22.06233266032105,0.09444444444444444
1.4653333333333334,49.96,-34.94,-21.550220871462304,0.09444444444444444
1.466,49.96,-34.94,-19.660153655917888,0.09444444444444444
1.4666666666666666,49.96,-34.94,-19.202115756976134,0.09444444444444444
1.4673333333333334,49.95,-34.94,-18.682040737182646,0.09444444444444444
1.468,49.95,-34.95,-17.06321764846474,0.09444444444444444
1.4686666666666668,49.95,-34.95,-16.580848218633424,0.09444444444444444
1.4693333333333334,49.95,-34.95,-16.045084638962688,0.09444444444444444
1.47,49.94,-34.95,-14.638803104348737,0.09444444444444444
1.4706666666666666,49.94,-34.95,-14.130663136450632,0.09444444444444444
1.4713333333333334,49.94,-34.96,-13.577332013436576,0.09444444444444444
1.472,49.94,-34.96,-12.34376864071,0.09444444444444444
1.4726666666666666,49.93,-34.96,-11.812076751699914,0.06388888888888888
1.4733333333333334,49.93,-34.96,-11.243047758730182,0.030555555555555555
1.474,49.93,-34.96,-10.15438880420861,0.030555555555555555
1.4746666666666668,49.93,-34.97,-9.603761516751396,0.030555555555555555
1.4753333333333332,49.92,-34.97,-9.023321048182183,0.0
1.476,49.92,-34.97,-8.059545564004768,0.0
1.4766666666666666,49.92,-34.97,-7.496110173854344,0.0
1.4773333333333334,49.92,-34.97,-6.910015141573681,0.0
1.4780000000000002,49.92,-34.97,-6.05620580425638,0.0
1.4786666666666666,49.92,-34.97,-5.486908220669507,0.0
1.4793333333333334,49.92,-34.97,-4.901655833769555,0.0
1.48,49.92,-34.97,-4.146237990381444,0.0
1.4806666666666668,49.92,-34.97,-3.7278924600361707,0.0
1.4813333333333332,49.92,-34.97,-4.411640319466775,0.0
1.482,49.92,-34.97,-3.76440725468926,0.0
1.4826666666666666,49.92,-34.97,-3.2798453875148166,0.0
1.4833333333333334,49.92,-34.97,-2.897099204412705,0.0
1.4840000000000002,49.92,-34.97,-2.2919369114239236,0.0
1.4846666666666666,49.92,-34.97,-2.970277974315165,0.0
1.4853333333333334,49.92,-34.97,-2.5504733308733574,0.0
1.486,49.92,-34.97,-2.1262012783465183,0.0
1.4866666666666668,49.92,-34.97,-1.6949392355157393,0.0
1.4873333333333332,49.92,-34.97,-1.2493745735841717,0.0
1.488,49.92,-34.97,-1.8910978369574518,0.0
1.4886666666666666,49.92,-34.97,-1.6030226408975354,0.0
1.4893333333333334,49.92,-34.97,-1.230686468747296,0.0
1.49,49.92,-34.97,-0.844775331028895,0.0
1.4906666666666666,49.92,-34.97,-0.46611819448771585,0.0
1.4913333333333334,49.92,-34.97,-1.2721673241926519,0.0
1.492,49.92,-34.97,-0.9474078450511306,0.0
1.4926666666666668,49.92,-34.97,-0.6119333185930067,0.0
1.4933333333333332,49.92,-34.97,-0.279465640973239,0.0
1.494,49.92,-34.97,0.0880686843410588,0.0
1.4946666666666668,49.92,-34.97,-0.8293155363111089,0.0
1.4953333333333334,49.92,-34.97,-0.560187287228608,0.0
1.496,49.92,-34.97,-0.29763303423578036,0.0
1.4966666666666666,49.92,-34.97,-0.002841911585047023,0.0
1.4973333333333334,49.92,-34.97,0.2986637956894982,0.0
1.498,49.92,-34.97,0.605316687079617,0.0
1.4986666666666666,49.92,-34.97,0.9604376383017759,0.0
1.4993333333333332,49.91,-34.97,1.2935343353275381,0.0
1.5,49.91,-34.97,1.629829729449604,0.0
1.5006666666666668,49.91,-34.97,2.0675947958315857,0.0
1.5013333333333334,49.89,-34.97,1.0082988960208557,0.0
1.502,49.89,-34.97,1.2517564141253597,0.0
1.5026666666666666,49.89,-34.97,1.49722710262394,0.03888888888888889
1.5033333333333334,49.88,-34.97,1.8378661441588948,0.03888888888888889
1.504,49.88,-34.97,2.107279461657683,0.03888888888888889
1.5046666666666666,49.88,-34.97,0.8603808458403183,0.03888888888888889
1.5053333333333332,49.87,-34.97,0.9962459377924618,0.03888888888888889
1.506,49.87,-34.97,1.1983915455681684,0.03888888888888889
1.5066666666666668,49.87,-34.97,1.3496483929989955,0.03888888888888889
1.5073333333333332,49.86,-34.97,1.5016434972717398,0.03888888888888889
1.508,49.86,-34.97,3.1073612566053495e-15,0.03888888888888889
1.5086666666666666,49.86,-34.97,3.5086916022687083e-15,0.03888888888888889
1.5093333333333334,49.85,-34.97,3.523888054519497e-15,0.03888888888888889
1.51,49.85,-34.97,3.5289681759102123e-15,0.03888888888888889
1.5106666666666666,49.85,-34.97,3.523888054519497e-15,0.03888888888888889
1.5113333333333334,49.84,-34.97,3.50869160226871e-15,0.03888888888888889
1.512,49.84,-34.97,3.483509609404686e-15,0.03888888888888889
1.5126666666666668,49.84,-34.97,3.448556945761542e-15,0.03888888888888889
1.5133333333333332,49.83,-34.97,3.4041280198270666e-15,0.03888888888888889
1.514,49.83,-34.97,3.3505906728311687e-15,0.03888888888888889
1.5146666666666666,49.83,-34.97,3.2883787402850393e-15,0.03888888888888889
1.5153333333333334,49.82,-34.97,3.2179835546539737e-15,0.03888888888888889
1.5159999999999998,49.82,-34.97,3.1399446883725246e-15,0.03888888888888889
1.5166666666666666,49.82,-34.97,3.0548402457194807e-15,0.03888888888888889
1.5173333333333334,49.81,-34.97,2.963277005898369e-15,0.03888888888888889
1.518,49.81,-34.97,2.8658806997985527e-15,0.03888888888888889
1.5186666666666668,49.81,-34.97,2.763286671904662e-15,0.0
1.5193333333333332,49.79,-34.97,2.656131139712851e-15,0.0
1.52,49.79,-34.97,2.545043218995073e-15,0.0
1.5206666666666666,49.79,-34.97,2.43063783740094e-15,0.0
1.5213333333333334,49.78,-34.97,2.3135096139298515e-15,0.0
1.5219999999999998,49.78,-34.97,2.1942277399765824e-15,0.0
1.5226666666666666,49.78,-34.97,2.0733318606064603e-15,0.0
1.5233333333333334,49.78,-34.97,1.95132892351648e-15,0.0
1.524,49.78,-34.97,1.828690938299266e-15,0.0
1.5246666666666668,49.78,-34.97,1.7058535701869151e-15,0.0
1.5253333333333332,49.78,-34.97,1.5832154800746571e-15,0.0
1.526,49.78,-34.97,1.4611383157029333e-15,0.0
1.5266666666666666,49.78,-34.97,1.3399472566348414e-15,0.0
1.5273333333333334,49.78,-34.97,1.2199320172478608e-15,0.0
1.528,49.78,-34.97,1.1013482165008451e-15,0.0
1.5286666666666666,49.78,-34.97,9.84419029922969e-16,0.0
1.5293333333333334,49.78,-34.97,8.693370473678359e-16,0.0
1.53,49.78,-34.97,7.562662689554433e-16,0.0
1.5306666666666666,49.78,-34.97,6.453441807728933e-16,0.0
1.5313333333333332,49.78,-34.97,5.366838609193857e-16,0.0
1.532,49.78,-34.97,4.303760750644528e-16,0.0
1.5326666666666666,49.78,-34.97,4.633765913837804e-16,0.0
1.5333333333333334,49.78,-34.97,3.67766155862477e-16,0.0
1.534,49.78,-34.97,2.739564724214912e-16,0.0
1.5346666666666666,49.78,-34.97,3.0861057353642325e-16,0.0
1.5353333333333334,49.78,-34.97,2.2450960266738953e-16,0.0
1.536,49.78,-34.97,1.4175391607294357e-16,0.0
1.5366666666666666,49.78,-34.97,1.786632377042153e-16,0.0
1.5373333333333332,49.78,-34.97,1.0481666854123304e-16,0.0
1.538,49.78,-34.97,3.193914509560496e-17,0.0
1.5386666666666666,49.78,-34.97,7.168678404275456e-17,0.0
1.5393333333333332,49.78,-34.97,7.089972346112087e-18,0.0
1.54,49.78,-34.97,-5.684833922424011e-17,0.0
1.5406666666666666,49.78,-34.97,-1.3655756178874818e-17,0.0
1.5413333333333334,49.78,-34.97,-6.97827820119489e-17,0.0
1.542,49.78,-34.97,-1.2550650874298624e-16,0.0
1.5426666666666666,49.78,-34.97,-7.8197695735382e-17,0.0
1.5433333333333332,49.78,-34.97,-1.2642646304787126e-16,0.0
1.544,49.78,-34.97,-1.7445918748966676e-16,0.0
1.5446666666666669,49.78,-34.97,-1.2225329904900236e-16,0.0
1.5453333333333332,49.78,-34.97,-1.6295279729161867e-16,0.0
1.546,49.78,-34.97,-2.0362005187419865e-16,0.0
1.5466666666666666,49.78,-34.97,-1.4557253659423213e-16,0.0
1.5473333333333334,49.78,-34.97,-1.7890306473433521e-16,0.0
1.5479999999999998,49.78,-34.97,-2.1232299921017103e-16,0.0
1.5486666666666666,49.78,-34.97,-1.4725490419728096e-16,0.0
1.5493333333333332,49.78,-34.97,-1.731465478348749e-16,0.0
1.55,49.78,-34.97,-1.992044838475169e-16,0.0
1.5506666666666669,49.78,-34.97,-1.2560440001139165e-16,0.0
1.5513333333333332,49.78,-34.97,-1.43714175344741e-16,0.0
1.552,49.78,-34.97,-1.6201429357168022e-16,0.0
1.5526666666666666,49.78,-34.97,-7.78957151721632e-17,0.0
1.5533333333333335,49.78,-34.97,-8.753279451857366e-17,0.0
1.5539999999999998,49.78,-34.97,-9.731495595623127e-17,0.0
1.5546666666666666,49.78,-34.97,0.0,0.0
1.5553333333333332,49.78,-34.97,0.0,0.0
1.556,49.78,-34.97,0.0,0.0
1.5566666666666669,49.78,-34.97,0.0,0.0
1.5573333333333332,49.78,-34.97,0.0,0.0
1.558,49.78,-34.97,0.0,0.0
1.5586666666666666,49.78,-34.97,0.0,0.0
1.5593333333333335,49.78,-34.97,0.0,0.0
1.5599999999999998,49.78,-34.97,0.0,0.0
1.5606666666666666,49.78,-34.97,0.0,0.0
1.5613333333333335,49.78,-34.97,0.0,0.0
1.562,49.78,-34.97,0.0,0.0
1.5626666666666666,49.78,-34.97,0.0,0.0
1.5633333333333332,49.78,-34.97,0.0,0.0
1.564,49.78,-34.97,0.0,0.0
1.5646666666666667,49.78,-34.97,0.0,0.0
1.5653333333333335,49.78,-34.97,0.0,0.0
1.5659999999999998,49.78,-34.97,0.0,0.0
1.5666666666666667,49.78,-34.97,0.0,0.0
1.5673333333333335,49.78,-34.97,0.0,0.0
1.568,49.78,-34.97,-9.731495595623011e-17,0.0
1.5686666666666667,49.78,-34.97,-8.753279451857375e-17,0.0
1.5693333333333332,49.78,-34.97,-1.709946286665598e-16,0.0
1.57,49.78,-34.97,0.5401876064057393,0.0
1.5706666666666667,49.78,-34.97,0.48822132902414905,0.0
1.5713333333333332,49.78,-34.97,0.4250256330149454,0.0
1.5719999999999998,49.78,-34.97,0.3662063743820599,0.0
1.5726666666666667,49.78,-34.97,0.3192677869472987,0.0
1.5733333333333335,49.78,-34.97,0.26516255583488624,0.0
1.574,49.78,-34.97,0.95960367461566,0.0
1.5746666666666667,49.78,-34.97,0.8268347468483251,0.0
1.5753333333333333,49.78,-34.97,0.7010058883913328,0.0
1.576,49.78,-34.97,0.5961479870212114,0.0
1.5766666666666667,49.78,-34.97,0.47687356678009235,0.0
1.5773333333333333,49.78,-34.97,0.3625341976516314,0.0
1.578,49.78,-34.97,0.25894289067410703,0.0
1.5786666666666667,49.78,-34.97,0.683078198345864,0.0
1.5793333333333335,49.78,-34.97,0.5205129175745039,0.0
1.5799999999999998,49.78,-34.97,0.3726277955672324,0.0
1.5806666666666667,49.78,-34.97,0.21405372060497757,0.0
1.5813333333333333,49.78,-34.97,0.05936604100682757,0.0
1.582,49.78,-34.97,-0.0949674356527526,0.0
1.5826666666666667,49.78,-34.97,0.32363134739457344,0.0
1.5833333333333333,49.78,-34.97,0.11590097911747908,0.0
1.584,49.78,-34.97,-0.09165618994173125,0.0
1.5846666666666667,49.78,-34.97,-0.30013216202074133,0.0
1.5853333333333335,49.78,-34.97,-0.5070067510767977,0.0
1.5859999999999999,49.78,-34.97,-0.7358079565719028,0.0
1.5866666666666667,49.78,-34.97,-0.9468890564463084,0.0
1.5873333333333333,49.78,-34.97,-0.2454964068554144,0.0
1.588,49.78,-34.97,-0.5459647775614264,0.0
1.5886666666666664,49.78,-34.97,-0.8481790426686896,0.0
1.5893333333333333,49.78,-34.97,-1.1948125857148133,0.0
1.59,49.78,-34.97,-1.5127949183894256,0.0
1.5906666666666667,49.78,-34.97,-1.8368980121599345,0.0
1.5913333333333335,49.78,-34.97,-2.2538896161512825,0.0
1.5919999999999999,49.78,-34.97,-2.602499918260176,0.0
1.5926666666666667,49.78,-34.97,-2.963010366834384,0.0
1.5933333333333333,49.78,-34.97,-3.484289062784322,0.0
1.594,49.78,-34.97,-3.8822942955143036,0.0
1.5946666666666667,49.78,-34.97,-4.300537057162163,0.0
1.5953333333333333,49.78,-34.97,-4.980880393140697,0.0
1.596,49.78,-34.97,-4.445499187451207,0.0
1.5966666666666667,49.78,-34.97,-5.031967221254553,0.0
1.5973333333333335,49.78,-34.97,-5.996070328305484,0.0
1.5979999999999999,49.78,-34.97,-6.687905938046586,0.0
1.5986666666666667,49.78,-34.97,-7.950046292486493,0.0
1.5993333333333333,49.78,-34.97,-8.790428344715123,0.0
1.6,49.78,-34.97,-8.289735228060996,0.0
1.6006666666666667,49.78,-34.97,-10.234914724762584,0.03888888888888889
1.6013333333333333,49.77,-34.97,-11.544689436907838,0.03888888888888889
1.602,49.77,-34.97,-13.017571737524666,0.08055555555555555
1.6026666666666667,49.76,-34.97,-16.395569636424934,0.08611111111111111
1.6033333333333333,49.75,-34.98,-18.478253950346314,0.12222222222222222
1.6039999999999999,49.75,-34.98,-20.912641631617422,0.1611111111111111
1.6046666666666667,49.74,-34.98,-21.432255008758865,0.1611111111111111
1.6053333333333333,49.73,-34.98,-25.334523115556966,0.19999999999999998
1.606,49.73,-34.98,-30.118392191455932,0.23888888888888887
1.6066666666666667,49.72,-34.98,-44.94550230804737,0.19999999999999998
1.6073333333333333,49.72,-34.99,-53.72032133436753,0.23888888888888887
1.608,49.71,-34.99,-64.1678432848202,0.23888888888888887
1.6086666666666667,49.69,-34.99,-84.1010321643376,0.19999999999999998
1.6093333333333333,49.69,-34.99,-97.5877406758333,0.19999999999999998
1.6099999999999999,49.68,-34.99,-124.77844935272738,0.23888888888888887
1.6106666666666667,49.67,-34.99,-130.16747990263548,0.19999999999999998
1.6113333333333335,49.67,-34.99,-134.61653542096556,0.19999999999999998
1.6119999999999999,49.66,-35.0,-144.93468377787357,0.23888888888888887
1.6126666666666667,49.65,-35.0,-146.58982158270808,0.19999999999999998
1.6133333333333333,49.65,-35.0,-149.981092867722,0.23888888888888887
1.614,49.64,-35.0,-154.5205990768569,0.23888888888888887
1.6146666666666667,49.63,-35.0,-154.95102669870596,0.19722222222222222
1.6153333333333333,49.63,-35.0,-155.40552782250447,0.23888888888888887
1.6159999999999999,49.62,-35.01,-158.1589791980065,0.19999999999999998
1.6166666666666667,49.61,-35.01,-158.30054365288714,0.19999999999999998
1.6173333333333335,49.61,-35.01,-160.48432286918808,0.19999999999999998
1.6179999999999999,49.59,-35.01,-162.0047586615732,0.19999999999999998
1.6186666666666667,49.58,-35.01,-161.80713042092094,0.19999999999999998
1.6193333333333333,49.58,-35.01,-161.65252172184933,0.19999999999999998
1.62,49.57,-35.01,-162.85116659492414,0.20833333333333331
1.6206666666666665,49.57,-35.02,-162.62798427277247,0.20833333333333331
1.6213333333333333,49.56,-35.02,-162.435717695189,0.23888888888888887
1.6219999999999999,49.55,-35.02,-164.77120591918265,0.20833333333333331
1.6226666666666667,49.55,-35.02,-164.37027101012092,0.20833333333333331
1.6233333333333335,49.54,-35.02,-165.02157679786484,0.23888888888888887
1.6239999999999999,49.53,-35.02,-164.59255592802947,0.20833333333333331
1.6246666666666667,49.53,-35.02,-164.18071451141378,0.20833333333333331
1.6253333333333333,49.52,-35.02,-164.78078749522865,0.23888888888888887
1.6260000000000001,49.51,-35.02,-164.32624080575135,0.20833333333333331
1.6266666666666665,49.51,-35.02,-163.8746240100286,0.23888888888888887
1.6273333333333333,49.49,-35.02,-164.43238064187392,0.19999999999999998
1.6280000000000001,49.48,-35.02,-163.9193007125633,0.23888888888888887
1.6286666666666667,49.48,-35.02,-164.3967722471082,0.23888888888888887
1.6293333333333335,49.47,-35.03,-164.76398058768962,0.19999999999999998
1.63,49.46,-35.03,-165.03678665333496,0.23888888888888887
1.6306666666666667,49.46,-35.03,-165.2256860983696,0.23888888888888887
1.6313333333333333,49.45,-35.03,-166.3714681375139,0.19722222222222222
1.6320000000000001,49.45,-35.03,-166.30623124431892,0.23888888888888887
1.6326666666666665,49.44,-35.03,-166.1721562287051,0.23888888888888887
1.6333333333333333,49.43,-35.04,-165.96346201011926,0.19999999999999998
1.6340000000000001,49.43,-35.04,-165.67039055398922,0.23888888888888887
1.6346666666666667,49.42,-35.04,-167.36698393860829,0.23888888888888887
1.6353333333333333,49.41,-35.04,-166.94922075627156,0.19999999999999998
1.636,49.41,-35.04,-167.36663155925586,0.23888888888888887
1.6366666666666667,49.4,-35.04,-166.31157066472787,0.23888888888888887
1.6373333333333333,49.38,-35.04,-165.68324083237286,0.23888888888888887
1.6380000000000001,49.38,-35.05,-165.96726716564083,0.23888888888888887
1.6386666666666665,49.37,-35.05,-165.34832606768694,0.20833333333333331
1.6393333333333333,49.36,-35.05,-164.68643553213911,0.23888888888888887
1.6400000000000001,49.36,-35.05,-165.09475444362835,0.23888888888888887
1.6406666666666667,49.35,-35.05,-161.4137163255246,0.20833333333333331
1.6413333333333333,49.34,-35.05,-161.7933328153058,0.23888888888888887
1.642,49.34,-35.06,-160.75817905581562,0.23888888888888887
1.6426666666666667,49.33,-35.06,-159.6064365664026,0.20833333333333331
1.6433333333333333,49.33,-35.06,-160.13810008201213,0.23888888888888887
1.644,49.32,-35.06,-160.6888011963824,0.23888888888888887
1.6446666666666667,49.31,-35.06,-159.37030718267022,0.19999999999999998
1.6453333333333333,49.31,-35.06,-157.5940791039463,0.23888888888888887
1.6460000000000001,49.3,-35.06,-157.89257772731602,0.23888888888888887
1.6466666666666667,49.28,-35.07,-157.3978858451616,0.19999999999999998
1.6473333333333333,49.28,-35.07,-157.40899085107935,0.23888888888888887
1.648,49.27,-35.07,-157.4749859615135,0.23888888888888887
1.6486666666666667,49.26,-35.07,-154.5047093960264,0.23888888888888887
1.6493333333333333,49.26,-35.07,-151.1873153057943,0.23888888888888887
1.65,49.25,-35.07,-150.71571734759277,0.23888888888888887
1.6506666666666667,49.24,-35.08,-146.6550207740283,0.23888888888888887
1.6513333333333333,49.24,-35.08,-145.32157280089314,0.23888888888888887
1.6520000000000001,49.23,-35.08,-144.0165512944166,0.19999999999999998
1.6526666666666665,49.22,-35.08,-133.8000127655447,0.23888888888888887
1.6533333333333333,49.22,-35.08,-121.14951011507996,0.23888888888888887
1.654,49.21,-35.08,-108.53923287688636,0.19999999999999998
1.6546666666666667,49.2,-35.08,-104.825054733168,0.23888888888888887
1.6553333333333333,49.2,-35.09,-101.06492942194097,0.23888888888888887
1.656,49.18,-35.09,-71.80662423353803,0.19999999999999998
1.6566666666666667,49.18,-35.09,-63.48854849124447,0.23888888888888887
1.6573333333333333,49.17,-35.09,-60.09140166207866,0.23888888888888887
1.6580000000000001,49.16,-35.09,-46.40280509173028,0.19999999999999998
1.6586666666666665,49.16,-35.09,-43.1164175311316,0.1611111111111111
1.6593333333333333,49.15,-35.09,-40.08472115550277,0.1611111111111111
1.66,49.14,-35.09,-32.685435493721684,0.1611111111111111
1.6606666666666667,49.14,-35.09,-30.19293649722474,0.12222222222222222
1.6613333333333336,49.13,-35.09,-27.848982208733077,0.11944444444444444
1.662,49.13,-35.09,-22.48587674755359,0.08055555555555555
1.6626666666666667,49.13,-35.09,-22.363683182210565,0.08055555555555555
1.6633333333333333,49.13,-35.09,-20.638276239840597,0.08055555555555555
1.6640000000000001,49.13,-35.09,-17.11406965798458,0.03888888888888889
1.6646666666666665,49.14,-35.1,-15.627283569132384,0.03888888888888889
1.6653333333333333,49.14,-35.1,-12.99075856581771,0.0
1.666,49.14,-35.1,-11.714272319921257,0.0
1.6666666666666667,49.14,-35.1,-12.01018677942833,0.0
1.6673333333333333,49.14,-35.1,-10.187039318076446,0.0
1.668,49.15,-35.11,-9.243141471127903,0.0
1.6686666666666667,49.15,-35.11,-8.349094043947295,0.0
1.6693333333333333,49.15,-35.11,-7.020047143645821,0.0
1.6700000000000002,49.15,-35.11,-6.2243071600238,0.0
1.6706666666666665,49.15,-35.11,-5.4612253213188895,0.03888888888888889
1.6713333333333333,49.15,-35.11,-6.23437651740602,0.03888888888888889
1.672,49.14,-35.11,-5.656074182345971,0.03888888888888889
1.6726666666666667,49.14,-35.11,-5.097790948535862,0.03888888888888889
1.6733333333333333,49.14,-35.11,-4.319414199853452,0.0
1.674,49.13,-35.11,-3.800063093709325,0.0
1.6746666666666667,49.14,-35.11,-3.2925472154935087,0.0
1.6753333333333333,49.13,-35.11,-4.110514240454215,0.030555555555555555
1.676,49.13,-35.11,-3.741003835783293,0.030555555555555555
1.6766666666666665,49.13,-35.11,-3.2257592185785313,0.030555555555555555
1.6773333333333333,49.13,-35.11,-2.872470549057579,0.0
1.6780000000000002,49.13,-35.11,-2.523800462128356,0.0
1.6786666666666668,49.13,-35.11,-2.0088412483532805,0.0
1.6793333333333333,49.13,-35.11,-1.68974616808338,0.0
1.68,49.13,-35.12,-1.8820922366742798,0.0
1.6806666666666668,49.13,-35.12,-1.5444870596194313,0.0
1.6813333333333333,49.13,-35.12,-1.2710964310542592,0.0
1.682,49.13,-35.12,-0.993998491090827,0.0
1.6826666666666665,49.13,-35.12,-0.684800412929433,0.0
1.6833333333333333,49.13,-35.12,-0.4041602154763654,0.0
1.6840000000000002,49.13,-35.13,-0.8742187025902391,0.0
1.6846666666666665,49.13,-35.13,-0.6337189566395764,0.030555555555555555
1.6853333333333333,49.14,-35.13,-0.4172013356021924,0.0
1.686,49.14,-35.13,-0.19452834283600948,0.030555555555555555
1.6866666666666668,49.14,-35.12,0.03469478247632377,0.030555555555555555
1.6873333333333334,49.14,-35.12,-0.6555104460045522,0.030555555555555555
1.688,49.14,-35.12,-0.3335097006971561,0.030555555555555555
1.6886666666666665,49.14,-35.12,-1.0218811926359843,0.0
1.6893333333333334,49.14,-35.13,-1.708065632725057,0.030555555555555555
1.6900000000000002,49.14,-35.12,-1.355374283601406,0.024999999999999998
1.6906666666666665,49.14,-35.12,-1.0503245341337457,0.008333333333333333
1.6913333333333334,49.14,-35.12,-0.7370971524476854,0.008333333333333333
1.692,49.14,-35.12,-0.39787267591096,0.008333333333333333
1.6926666666666668,49.14,-35.12,-0.7406519215761614,0.008333333333333333
1.6933333333333331,49.14,-35.11,-0.3470137886815412,0.008333333333333333
1.694,49.14,-35.11,0.06352343210655255,0.008333333333333333
1.6946666666666668,49.14,-35.11,-0.5036374299245676,0.005555555555555556
1.6953333333333334,49.14,-35.11,0.004773702110576733,0.005555555555555556
1.6960000000000002,49.14,-35.11,0.5045152754262509,0.005555555555555556
1.6966666666666665,49.14,-35.11,0.9946725009828735,0.002777777777777778
1.6973333333333334,49.14,-35.11,1.4743906974420276,0.002777777777777778
1.698,49.14,-35.11,1.1647873775158826,0.002777777777777778
1.6986666666666668,49.14,-35.11,1.550363436248101,0.002777777777777778
1.6993333333333331,49.14,-35.11,1.9266692007873125,0.002777777777777778
1.7,49.14,-35.11,2.2217761653883947,0.002777777777777778
1.7006666666666668,49.14,-35.11,2.5751090747914502,0.005555555555555556
1.7013333333333334,49.14,-35.11,2.793990455380074,0.002777777777777778
1.7020000000000002,49.14,-35.11,3.0033185051699194,0.002777777777777778
1.7026666666666666,49.14,-35.11,3.204967421194547,0.005555555555555556
1.7033333333333334,49.14,-35.11,3.90956253719157,0.002777777777777778
1.704,49.14,-35.11,4.037998382875478,0.002777777777777778
1.7046666666666668,49.14,-35.11,4.159383172336448,0.002777777777777778
1.7053333333333331,49.14,-35.11,4.417358393903908,0.002777777777777778
1.706,49.14,-35.11,4.542020704312667,0.002777777777777778
1.7066666666666668,49.14,-35.11,4.6595017325065395,0.002777777777777778
1.7073333333333334,49.14,-35.11,4.936228047201216,0.024999999999999998
1.708,49.14,-35.11,5.059195096319314,0.024999999999999998
1.7086666666666666,49.14,-35.11,5.192281012475249,0.005555555555555556
1.7093333333333334,49.14,-35.11,5.336727286064697,0.005555555555555556
1.71,49.14,-35.11,5.475269900524675,0.005555555555555556
1.7106666666666668,49.14,-35.11,5.607478305597195,0.008333333333333333
1.7113333333333334,49.14,-35.11,4.716493975679759,0.008333333333333333
1.712,49.13,-35.11,4.931482907372529,0.005555555555555556
1.7126666666666668,49.13,-35.11,4.353740489494683,0.005555555555555556
1.7133333333333334,49.13,-35.11,3.670113176270391,0.005555555555555556
1.714,49.13,-35.11,3.077129767798933,0.002777777777777778
1.7146666666666666,49.13,-35.11,3.299549625903703,0.002777777777777778
1.7153333333333334,49.13,-35.11,2.9962515286886418,0.002777777777777778
1.716,49.13,-35.11,3.2414250340538753,0.002777777777777778
1.7166666666666666,49.13,-35.11,3.3671297435392877,0.005555555555555556
1.7173333333333334,49.13,-35.11,1.901611707023192,0.008333333333333333
1.718,49.14,-35.11,2.074905526491845,0.01388888888888889
1.7186666666666668,49.14,-35.11,2.1648499292038452,0.019444444444444445
1.7193333333333334,49.14,-35.11,2.2423464641804274,0.022222222222222223
1.72,49.14,-35.11,3.3607992404397122,0.02777777777777778
1.7206666666666666,49.14,-35.1,3.626885065018505,0.05277777777777778
1.7213333333333334,49.15,-35.1,3.7622112343664247,0.05555555555555556
1.722,49.15,-35.1,3.89066626516645,0.05833333333333333
1.7226666666666666,49.15,-35.09,3.1497232370635064,0.08333333333333333
1.7233333333333334,49.16,-35.09,4.31669253472003,0.06388888888888888
1.724,49.16,-35.09,3.5067471149283045,0.07777777777777778
1.7246666666666668,49.16,-35.09,3.8536291963218066,0.07777777777777778
1.7253333333333332,49.16,-35.09,4.203500858940556,0.09722222222222221
1.726,49.17,-35.08,4.555031338889207,0.11944444444444444
1.7266666666666666,49.17,-35.08,5.040243687941025,0.1388888888888889
1.7273333333333334,49.17,-35.08,5.676097857093977,0.13333333333333333
1.7280000000000002,49.17,-35.07,6.334459831614962,0.1527777777777778
1.7286666666666666,49.17,-35.07,6.04176766651841,0.13055555555555554
1.7293333333333334,49.17,-35.07,5.796854641790798,0.09722222222222221
1.73,49.17,-35.07,5.603907589969318,0.04722222222222222
1.7306666666666668,49.17,-35.07,5.467288876987172,0.05833333333333333
1.7313333333333332,49.16,-35.07,5.812412420869006,0.05833333333333333
1.732,49.16,-35.07,5.771669378836193,0.06944444444444445
1.7326666666666666,49.16,-35.07,5.9887950678630295,0.08888888888888889
1.7333333333333334,49.15,-35.07,6.272699747475257,0.12777777777777777
1.7340000000000002,49.15,-35.07,6.579952343351465,0.09722222222222221
1.7346666666666666,49.14,-35.08,7.176698024343171,0.15555555555555556
1.7353333333333334,49.14,-35.08,7.588569652463229,0.1611111111111111
1.736,49.14,-35.08,8.204355058852112,0.2111111111111111
1.7366666666666668,49.13,-35.09,8.895915932784016,0.175
1.7373333333333332,49.13,-35.09,9.503768215975006,0.16944444444444443
1.738,49.13,-35.09,10.277287335872588,0.14166666666666666
1.7386666666666666,49.13,-35.09,11.123084844726156,0.12777777777777777
1.7393333333333334,49.13,-35.09,12.036133623725991,0.09166666666666667
1.74,49.13,-35.09,13.112350360130009,0.06388888888888888
1.7406666666666666,49.13,-35.09,14.101130277221754,0.03333333333333333
1.7413333333333334,49.13,-35.09,15.230294340301667,0.01388888888888889
1.742,49.12,-35.09,16.38450341199094,0.03888888888888889
1.7426666666666668,49.12,-35.09,17.325928997781016,0.044444444444444446
1.7433333333333332,49.12,-35.09,18.38503859090218,0.05277777777777778
1.744,49.12,-35.09,19.56491320743664,0.07777777777777778
1.7446666666666668,49.12,-35.08,20.48638962122285,0.09166666666666667
1.7453333333333334,49.12,-35.08,23.513262842648388,0.09722222222222221
1.746,49.11,-35.07,24.94013161554902,0.11666666666666665
1.7466666666666666,49.11,-35.07,25.880441491839612,0.12777777777777777
1.7473333333333334,49.1,-35.06,26.92335605968815,0.13333333333333333
1.748,49.1,-35.06,27.922667140930365,0.1388888888888889
1.7486666666666666,49.08,-35.05,28.545288554241075,0.14722222222222223
1.7493333333333332,49.08,-35.05,29.104365004029578,0.16666666666666666
1.75,49.07,-35.05,29.61944670731063,0.19166666666666665
1.7506666666666668,49.06,-35.04,29.839480414232433,0.21944444444444444
1.7513333333333334,49.06,-35.04,30.10659370989925,0.23055555555555554
1.752,49.05,-35.04,29.755554036379976,0.23055555555555554
1.7526666666666666,49.04,-35.04,29.532066252115154,0.24166666666666667
1.7533333333333334,49.03,-35.04,29.143089129642775,0.21944444444444444
1.754,49.03,-35.04,31.48393548944619,0.18888888888888888
1.7546666666666666,49.02,-35.04,31.237055843265196,0.1638888888888889
1.7553333333333332,49.01,-35.04,30.933260491896444,0.1527777777777778
1.756,49.01,-35.04,33.19221163414587,0.1361111111111111
1.7566666666666668,49.0,-35.04,33.08780921333755,0.11944444444444444
1.7573333333333332,49.0,-35.03,33.02242959345463,0.10277777777777777
1.758,49.0,-35.03,33.01483081002833,0.06388888888888888
1.7586666666666666,49.0,-35.03,33.04798045323426,0.075
1.7593333333333334,49.0,-35.03,34.24526195817855,0.10277777777777777
1.76,49.0,-35.02,34.406693809439304,0.1361111111111111
1.7606666666666666,49.01,-35.02,34.588358325732315,0.18333333333333335
1.7613333333333334,49.01,-35.02,36.65932279842882,0.26111111111111107
1.762,49.02,-35.01,36.98372437003706,0.35
1.7626666666666668,49.04,-34.99,37.305371660408426,0.46388888888888885
1.7633333333333332,49.05,-34.98,37.62928121478511,0.5833333333333334
1.764,49.07,-34.96,37.94557559319771,0.7166666666666667
1.7646666666666666,49.11,-34.94,39.730656245579645,0.8555555555555555
1.7653333333333334,49.13,-34.92,40.14606805207685,1.0
1.7659999999999998,49.17,-34.89,40.55084079707179,1.161111111111111
1.7666666666666666,49.21,-34.86,42.431400694850915,1.338888888888889
1.7673333333333334,49.26,-34.82,42.92500158738794,1.5222222222222224
1.768,49.31,-34.79,44.146086400893694,1.7166666666666666
1.7686666666666668,49.37,-34.74,44.677409632119726,1.9083333333333332
1.7693333333333332,49.44,-34.69,45.18908654405894,2.111111111111111
1.77,49.51,-34.64,46.48857670217199,2.3111111111111113
1.7706666666666666,49.58,-34.58,47.03769939984465,2.5055555555555555
1.7713333333333334,49.67,-34.51,47.56386250457807,2.6916666666666664
1.7719999999999998,49.76,-34.44,48.06493381653819,2.863888888888889
1.7726666666666666,49.85,-34.37,48.542156458459395,3.019444444444444
1.7733333333333334,49.95,-34.3,48.987190711617586,3.1638888888888888
1.774,50.05,-34.22,49.40120688039997,3.2777777777777777
1.7746666666666668,50.16,-34.14,49.78216314755463,3.3777777777777778
1.7753333333333332,50.27,-34.06,51.754121231703564,3.4499999999999997
1.776,50.37,-33.97,52.23065031503787,3.4916666666666667
1.7766666666666666,50.48,-33.88,52.653539125634445,3.5083333333333333
1.7773333333333334,50.59,-33.8,53.054235103555065,3.4916666666666667
1.778,50.69,-33.71,54.86344073091249,3.441666666666667
1.7786666666666666,50.8,-33.62,55.303863937232926,3.3666666666666663
1.7793333333333334,50.9,-33.55,57.58473427886093,3.272222222222222
1.78,50.99,-33.46,58.09577234891798,3.15
1.7806666666666666,51.08,-33.38,60.4823411310689,3.0166666666666666
1.7813333333333332,51.16,-33.31,61.09825420742428,2.858333333333333
1.782,51.23,-33.23,63.643092274639585,2.6694444444444443
1.7826666666666666,51.29,-33.16,64.34236242375651,2.461111111111111
1.7833333333333334,51.35,-33.09,66.94581555041906,2.2416666666666667
1.784,51.39,-33.03,69.72414862056048,2.0388888888888888
1.7846666666666666,51.44,-32.96,70.66777439932942,1.8583333333333334
1.7853333333333334,51.46,-32.89,73.61229443475973,1.7027777777777777
1.786,51.48,-32.83,76.8049786678981,1.597222222222222
1.7866666666666666,51.49,-32.77,80.25895751194678,1.5722222222222222
1.7873333333333332,51.49,-32.71,81.72063250643451,1.5916666666666668
1.788,51.49,-32.64,85.32145812248368,1.6444444444444444
1.7886666666666666,51.48,-32.58,89.19901198918039,1.7277777777777776
1.7893333333333332,51.46,-32.51,91.003878957771,1.8333333333333333
1.79,51.43,-32.43,95.10243706234452,1.975
1.7906666666666666,51.39,-32.35,98.00732806398527,2.1333333333333333
1.7913333333333334,51.35,-32.27,100.00978270533201,2.3249999999999997
1.792,51.3,-32.18,102.01892957604738,2.513888888888889
1.7926666666666666,51.25,-32.09,103.99906955559281,2.7
1.7933333333333332,51.18,-32.0,106.65834213060357,2.8777777777777778
1.794,51.12,-31.9,108.57165790404989,3.036111111111111
1.7946666666666669,51.05,-31.8,110.49032508636748,3.1861111111111113
1.7953333333333332,50.96,-31.7,112.30876043399549,3.327777777777778
1.796,50.88,-31.59,114.01479296778936,3.4444444444444446
1.7966666666666666,50.79,-31.49,115.72051160584225,3.555555555555556
1.7973333333333334,50.7,-31.38,117.27464905594607,3.6527777777777777
1.7979999999999998,50.6,-31.27,118.78927499519433,3.7472222222222222
1.7986666666666666,50.51,-31.15,120.13112878663136,3.8305555555555553
1.7993333333333332,50.41,-31.05,121.45682693462057,3.9055555555555554
1.8,50.29,-30.93,122.68163563052988,3.975
1.8006666666666669,50.18,-30.81,123.79774561950234,4.038888888888889
1.8013333333333332,50.07,-30.69,124.88934032651656,4.1
1.802,49.96,-30.58,125.83256724896846,4.152777777777778
1.8026666666666666,49.84,-30.47,126.79702907172333,4.205555555555556
1.8033333333333335,49.72,-30.34,127.71832957402715,4.252777777777778
1.8039999999999998,49.59,-30.22,128.5166297451734,4.3
1.8046666666666666,49.47,-30.1,129.2806376783668,4.344444444444444
1.8053333333333332,49.35,-29.98,129.99255984495986,4.386111111111111
1.806,49.23,-29.85,130.6572898724546,4.427777777777777
1.8066666666666669,49.11,-29.73,131.29779651331995,4.46111111111111
1.8073333333333332,48.97,-29.59,131.9070440772374,4.4944444444444445
1.808,48.85,-29.47,132.4548358152496,4.5249999999999995
1.8086666666666666,48.73,-29.34,132.96644609638477,4.55
1.8093333333333335,48.61,-29.2,133.47101118315297,4.574999999999999
1.8099999999999998,48.47,-29.07,133.89432024906733,4.588888888888889
1.8106666666666666,48.35,-28.93,134.3383882514669,4.6
1.8113333333333335,48.23,-28.79,134.71469659183603,4.613888888888889
1.812,48.11,-28.66,135.09535047780938,4.616666666666667
1.8126666666666666,47.99,-28.52,135.47197054933665,4.624999999999999
1.8133333333333332,47.85,-28.39,135.76183388688878,4.627777777777777
1.814,47.73,-28.25,136.0284443232779,4.633333333333333
1.8146666666666667,47.61,-28.12,136.3039072782388,4.633333333333333
1.8153333333333335,47.49,-27.98,136.5008729341056,4.633333333333333
1.8159999999999998,47.35,-27.84,136.6874956035358,4.633333333333333
1.8166666666666667,47.23,-27.7,136.81979253536645,4.6305555555555555
1.8173333333333335,47.11,-27.57,136.96161840312504,4.627777777777777
1.818,46.98,-27.44,136.9980394795653,4.622222222222223
1.8186666666666667,46.85,-27.31,137.1116160388825,4.6194444444444445
1.8193333333333332,46.72,-27.17,137.1944252342474,4.605555555555555
1.82,46.6,-27.03,137.2478934578501,4.597222222222222
1.8206666666666667,46.48,-26.9,137.40540802668835,4.591666666666667
1.8213333333333332,46.34,-26.77,137.45380284435933,4.580555555555555
1.8219999999999998,46.22,-26.64,137.63048737439962,4.569444444444444
1.8226666666666667,46.09,-26.51,137.80669535753321,4.55
1.8233333333333335,45.97,-26.37,138.06727737961765,4.533333333333333
1.824,45.84,-26.25,138.3765342306205,4.51111111111111
1.8246666666666667,45.71,-26.12,138.69583119554716,4.488888888888889
1.8253333333333333,45.59,-25.99,139.01387514235677,4.466666666666666
1.826,45.47,-25.86,139.3411862550256,4.438888888888889
1.8266666666666667,45.34,-25.73,139.77032713859617,4.411111111111111
1.8273333333333333,45.22,-25.61,140.0702807801172,4.383333333333333
1.828,45.1,-25.48,140.45044331062667,4.358333333333333
1.8286666666666667,44.97,-25.36,140.95185252923773,4.336111111111111
1.8293333333333335,44.84,-25.25,141.3437749925782,4.319444444444445
1.8299999999999998,44.72,-25.13,141.79901006193114,4.2972222222222225
1.8306666666666667,44.59,-25.02,142.23603482105312,4.283333333333333
1.8313333333333333,44.47,-24.9,142.69538340280127,4.269444444444444
1.832,44.33,-24.8,143.13611498401067,4.261111111111111
1.8326666666666667,44.2,-24.69,143.65517407224203,4.258333333333333
1.8333333333333333,44.07,-24.59,144.20934881444458,4.258333333333333
1.834,43.92,-24.49,144.73916810403074,4.261111111111111
1.8346666666666667,43.78,-24.39,145.29589675545995,4.266666666666667
1.8353333333333335,43.63,-24.31,145.9298671417687,4.275
1.8359999999999999,43.49,-24.22,146.6272990204801,4.2861111111111105
1.8366666666666667,43.35,-24.13,147.30035058549157,4.302777777777778
1.8373333333333333,43.19,-24.05,148.07458355579493,4.319444444444445
1.838,43.03,-23.97,148.87341549970247,4.336111111111111
1.8386666666666664,42.88,-23.9,149.79382007488766,4.361111111111111
1.8393333333333333,42.72,-23.83,150.69679541347358,4.383333333333333
1.84,42.56,-23.76,151.64733906887457,4.408333333333333
1.8406666666666667,42.4,-23.69,152.84642162718566,4.433333333333334
1.8413333333333335,42.24,-23.63,154.24574532423526,4.455555555555555
1.8419999999999999,42.07,-23.57,155.57636716885884,4.480555555555555
1.8426666666666667,41.89,-23.5,156.98822124792957,4.508333333333334
1.8433333333333333,41.72,-23.45,158.86958621106592,4.5361111111111105
1.844,41.55,-23.39,160.41211552403095,4.561111111111112
1.8446666666666667,41.38,-23.34,161.95494173579758,4.591666666666667
1.8453333333333333,41.2,-23.28,163.58604094128998,4.622222222222223
1.846,41.03,-23.22,165.13262635686783,4.6499999999999995
1.8466666666666667,40.85,-23.17,166.70346390592573,4.675
1.8473333333333335,40.67,-23.12,168.2559324300082,4.7027777777777775
1.8479999999999999,40.49,-23.06,169.79857906925602,4.727777777777778
1.8486666666666667,40.3,-23.01,171.2730320646016,4.747222222222222
1.8493333333333333,40.13,-22.96,172.73922572552317,4.763888888888888
1.85,39.94,-22.91,174.16653296904033,4.775
1.8506666666666667,39.75,-22.85,175.5421107870506,4.775
1.8513333333333333,39.57,-22.81,176.96261086906674,4.769444444444445
1.852,39.38,-22.76,178.20706860807903,4.7555555555555555
1.8526666666666667,39.21,-22.71,179.6212774321494,4.727777777777778
1.8533333333333333,39.02,-22.67,-179.4042608980259,4.688888888888888
1.8539999999999999,38.84,-22.62,-178.56372481351343,4.636111111111111
1.8546666666666667,38.65,-22.59,-178.01213068623238,4.572222222222222
1.8553333333333333,38.47,-22.55,-177.4377375830993,4.491666666666667
1.856,38.31,-22.53,-176.83885347623033,4.397222222222222
1.8566666666666667,38.13,-22.5,-176.1516236080195,4.288888888888889
1.8573333333333333,37.96,-22.48,-175.27787545274856,4.166666666666667
1.858,37.8,-22.46,-174.24861713661844,4.030555555555555
1.8586666666666667,37.64,-22.45,-172.9715345562007,3.8805555555555555
1.8593333333333333,37.48,-22.44,-171.6220300337309,3.7194444444444446
1.8599999999999999,37.34,-22.44,-170.01463543685702,3.5527777777777776
1.8606666666666667,37.21,-22.45,-168.0938290574133,3.3805555555555555
1.8613333333333335,37.07,-22.46,-166.01775559646532,3.2027777777777775
1.8619999999999999,36.95,-22.47,-163.6529823114917,3.0305555555555554
1.8626666666666667,36.83,-22.49,-160.86362685543259,2.858333333333333
1.8633333333333333,36.72,-22.52,-157.80283164806508,2.6916666666666664
1.864,36.62,-22.55,-154.51150233730368,2.533333333333333
1.8646666666666667,36.53,-22.59,-150.59478421051176,2.3805555555555555
1.8653333333333333,36.45,-22.62,-146.29686836855294,2.238888888888889
1.8659999999999999,36.37,-22.67,-141.44858922437157,2.0999999999999996
1.8666666666666667,36.31,-22.71,-136.45804509191763,1.972222222222222
1.8673333333333335,36.24,-22.77,-130.7075719826017,1.85
1.8679999999999999,36.2,-22.81,-125.14328741291929,1.7277777777777776
1.8686666666666667,36.15,-22.86,-119.16108230028692,1.6083333333333334
1.8693333333333333,36.11,-22.92,-113.49396522826608,1.488888888888889
1.87,36.09,-22.96,-107.58998164076637,1.3666666666666667
1.8706666666666665,36.06,-23.0,-102.43567522480524,1.25
1.8713333333333333,36.04,-23.06,-97.65937529570486,1.136111111111111
1.8719999999999999,36.04,-23.1,-93.32783467484018,1.0305555555555554
1.8726666666666667,36.04,-23.14,-89.51024057127466,0.9472222222222222
1.8733333333333335,36.04,-23.17,-85.97115083247658,0.8861111111111111
1.8739999999999999,36.06,-23.21,-82.94168578142614,0.8666666666666667
1.8746666666666667,36.08,-23.23,-80.21261600648849,0.8861111111111111
1.8753333333333333,36.11,-23.26,-78.15614367730447,0.9416666666666667
1.8760000000000001,36.14,-23.28,-76.10121248118266,1.0305555555555554
1.8766666666666665,36.19,-23.28,-74.48649960449961,1.1305555555555555
1.8773333333333333,36.23,-23.29,-73.16419671852468,1.2416666666666665
1.8780000000000001,36.29,-23.3,-71.91815331358102,1.35
1.8786666666666667,36.34,-23.3,-70.89134515561413,1.45
1.8793333333333335,36.4,-23.3,-70.00913461078851,1.5333333333333332
1.88,36.46,-23.3,-69.36975076220399,1.5999999999999999
1.8806666666666667,36.53,-23.29,-68.92313801612215,1.6388888888888888
1.8813333333333333,36.59,-23.28,-68.44706408943247,1.6500000000000001
1.8820000000000001,36.65,-23.27,-68.14216437773553,1.6277777777777778
1.8826666666666665,36.72,-23.26,-67.99720940746377,1.575
1.8833333333333333,36.77,-23.25,-67.88092527424388,1.4944444444444445
1.8840000000000001,36.84,-23.24,-67.97860177550884,1.3777777777777778
1.8846666666666667,36.89,-23.23,-68.10525977236001,1.238888888888889
1.8853333333333333,36.93,-23.23,-68.22404884053516,1.0777777777777777
1.886,36.97,-23.22,-68.54456048859818,0.9
1.8866666666666667,37.01,-23.23,-69.00431131152646,0.7305555555555555
1.8873333333333333,37.03,-23.24,-69.4635003490089,0.5972222222222222
1.8880000000000001,37.04,-23.26,-70.17347573324335,0.5527777777777778
1.8886666666666665,37.05,-23.28,-70.70711769460016,0.6305555555555555
1.8893333333333333,37.05,-23.3,-71.56440952737157,0.7999999999999999
1.8900000000000001,37.04,-23.34,-72.45335542039192,1.0138888888888888
1.8906666666666667,37.03,-23.38,-73.43783757058968,1.2472222222222222
1.8913333333333333,37.01,-23.43,-74.49224993139224,1.4777777777777779
1.892,36.97,-23.49,-75.65191951041557,1.6972222222222222
1.8926666666666667,36.94,-23.55,-77.00665396817027,1.9027777777777777
1.8933333333333333,36.9,-23.62,-78.45616330695215,2.0944444444444446
1.894,36.85,-23.69,-79.85622397063649,2.2666666666666666
1.8946666666666667,36.8,-23.77,-81.4902351995554,2.4166666666666665
1.8953333333333333,36.75,-23.86,-83.20709648947025,2.547222222222222
1.8960000000000001,36.7,-23.94,-85.00470607751184,2.658333333333333
1.8966666666666667,36.64,-24.04,-86.86172717045929,2.7527777777777778
1.8973333333333333,36.6,-24.14,-88.7812222851963,2.833333333333333
1.898,36.54,-24.24,-90.71089819210289,2.9027777777777777
1.8986666666666667,36.49,-24.35,-92.72168468668067,2.9583333333333335
1.8993333333333333,36.43,-24.46,-94.6617698033713,3.011111111111111
1.9,36.39,-24.57,-96.60656156737407,3.058333333333333
1.9006666666666667,36.33,-24.68,-98.46978821222348,3.1
1.9013333333333333,36.29,-24.8,-100.26490738830451,3.1361111111111106
1.9020000000000001,36.24,-24.91,-101.58844825758611,3.1666666666666665
1.9026666666666665,36.2,-25.03,-103.22572324066712,3.188888888888889
1.9033333333333333,36.14,-25.15,-104.70268292920518,3.2111111111111112
1.904,36.1,-25.27,-106.31424656630645,3.2305555555555556
1.9046666666666667,36.06,-25.39,-106.66137162381773,3.247222222222222
1.9053333333333333,36.02,-25.51,-107.68163746130075,3.261111111111111
1.906,35.98,-25.64,-108.63717424154511,3.2749999999999995
1.9066666666666667,35.93,-25.77,-108.89955374482872,3.283333333333333
1.9073333333333333,35.89,-25.89,-109.47118755823844,3.2916666666666665
1.9080000000000001,35.84,-26.01,-110.28200128396388,3.2944444444444443
1.9086666666666665,35.81,-26.14,-110.49348235820135,3.297222222222222
1.9093333333333333,35.76,-26.27,-111.02076862799049,3.2944444444444443
1.91,35.72,-26.39,-111.45184354167381,3.286111111111111
1.9106666666666667,35.69,-26.51,-111.31652217208902,3.2777777777777777
1.9113333333333336,35.64,-26.64,-111.53716649521631,3.2666666666666666
1.912,35.6,-26.76,-111.6876484070411,3.2527777777777778
1.9126666666666667,35.56,-26.88,-111.73922185750921,3.236111111111111
1.9133333333333333,35.52,-27.01,-111.69525652335828,3.213888888888889
1.9140000000000001,35.49,-27.13,-111.60399876556562,3.1916666666666664
1.9146666666666665,35.45,-27.25,-111.43160858629108,3.1638888888888888
1.9153333333333333,35.41,-27.37,-111.16843321854216,3.1361111111111106
1.916,35.38,-27.49,-110.80252937817693,3.108333333333333
1.9166666666666667,35.34,-27.61,-110.35862191256862,3.0777777777777775
1.9173333333333333,35.32,-27.73,-109.78892183329168,3.05
1.918,35.29,-27.84,-109.12545516258784,3.013888888888889
1.9186666666666667,35.25,-27.96,-108.27255490634572,2.9833333333333334
1.9193333333333333,35.23,-28.07,-106.43016133025073,2.944444444444444
1.9200000000000002,35.21,-28.19,-105.33689324376456,2.905555555555556
1.9206666666666665,35.19,-28.3,-104.08809504611517,2.861111111111111
1.9213333333333333,35.18,-28.42,-102.94807704755006,2.811111111111111
1.922,35.15,-28.53,-101.66998296501565,2.75
1.9226666666666667,35.14,-28.64,-100.6177625435329,2.6888888888888887
1.9233333333333333,35.13,-28.74,-99.68292712693193,2.6166666666666667
1.924,35.12,-28.84,-98.66952046188506,2.5361111111111114
1.9246666666666667,35.11,-28.94,-96.77128380871652,2.4444444444444446
1.9253333333333333,35.1,-29.04,-95.99988383822381,2.344444444444444
1.926,35.1,-29.13,-95.06914758806145,2.233333333333333
1.9266666666666665,35.1,-29.22,-93.82450974788264,2.1166666666666667
1.9273333333333333,35.09,-29.3,-92.02172284007383,1.9944444444444442
1.9280000000000002,35.09,-29.37,-91.10336977249081,1.8666666666666665
1.9286666666666668,35.09,-29.44,-89.18211845984848,1.7388888888888887
1.9293333333333333,35.09,-29.52,-87.33733727002586,1.6083333333333334
1.93,35.09,-29.58,-84.84611098792718,1.4805555555555556
1.9306666666666668,35.09,-29.63,-82.07697848015026,1.3527777777777779
1.9313333333333333,35.09,-29.68,-79.31134632768357,1.2277777777777776
1.932,35.09,-29.73,-76.91679480181178,1.1055555555555556
1.9326666666666665,35.09,-29.77,-74.63278260644657,0.9888888888888889
1.9333333333333333,35.09,-29.81,-71.93408749151779,0.8861111111111111
1.9340000000000002,35.09,-29.84,-69.49209826172411,0.7861111111111111
1.9346666666666665,35.09,-29.87,-66.80833794176984,0.6944444444444444
1.9353333333333333,35.08,-29.89,-64.40652042998967,0.6138888888888888
1.936,35.08,-29.92,-61.89800982367717,0.5388888888888889
1.9366666666666668,35.08,-29.94,-59.44335014681486,0.475
1.9373333333333334,35.08,-29.96,-57.036012453386604,0.41388888888888886
1.938,35.06,-29.97,-54.658031402245264,0.3611111111111111
1.9386666666666665,35.06,-29.98,-52.15476461833537,0.31666666666666665
1.9393333333333334,35.06,-30.0,-49.731961961214395,0.27499999999999997
1.9400000000000002,35.05,-30.01,-47.47090605463767,0.2333333333333333
1.9406666666666665,35.05,-30.02,-45.05554078213516,0.19999999999999998
1.9413333333333334,35.05,-30.02,-42.78434851724937,0.16666666666666666
1.942,35.05,-30.03,-40.31511170032776,0.1388888888888889
1.9426666666666668,35.05,-30.03,-37.98126942456071,0.11666666666666665
1.9433333333333331,35.05,-30.03,-35.50722039540866,0.09166666666666667
1.944,35.05,-30.04,-33.18692713039729,0.07777777777777778
1.9446666666666668,35.05,-30.04,-30.767659879690605,0.06944444444444445
1.9453333333333334,35.05,-30.04,-28.248215373534432,0.06388888888888888
1.9460000000000002,35.05,-30.04,-25.877403005836406,0.05555555555555556
1.9466666666666665,35.05,-30.04,-23.315809468684357,0.049999999999999996
1.9473333333333334,35.06,-30.04,-20.653014031434488,0.044444444444444446
1.948,35.06,-30.04,-17.890424721730426,0.036111111111111115
1.9486666666666668,35.06,-30.04,-15.105637040661568,0.03333333333333333
1.9493333333333331,35.06,-30.04,-12.162489479764533,0.030555555555555555
1.95,35.06,-30.04,-8.963340269653747,0.03333333333333333
1.9506666666666668,35.06,-30.04,-5.690151534980705,0.036111111111111115
1.9513333333333334,35.06,-30.04,-2.0947428521282285,0.041666666666666664
1.9520000000000002,35.06,-30.04,1.780401713851049,0.041666666666666664
1.9526666666666666,35.06,-30.03,5.963775876853945,0.04722222222222222
1.9533333333333334,35.06,-30.03,10.379229787995655,0.049999999999999996
1.954,35.06,-30.03,15.197825718041795,0.049999999999999996
1.9546666666666668,35.06,-30.03,20.366228185907552,0.05555555555555556
1.9553333333333331,35.06,-30.03,26.134182133879843,0.06388888888888888
1.956,35.06,-30.03,32.1372164373852,0.07222222222222223
1.9566666666666668,35.06,-30.03,38.43802914759215,0.08333333333333333
1.9573333333333334,35.08,-30.03,45.06335818669944,0.09722222222222221
1.958,35.08,-30.02,51.856246660577035,0.11111111111111112
1.9586666666666666,35.08,-30.02,58.77578658201744,0.11944444444444444
1.9593333333333334,35.08,-30.02,65.39093591738742,0.12777777777777777
1.96,35.09,-30.01,71.81458648775032,0.1361111111111111
1.9606666666666668,35.09,-30.0,78.34821227444387,0.15
1.9613333333333334,35.09,-30.0,84.2082159847671,0.1638888888888889
1.962,35.09,-29.99,89.73392699002895,0.19722222222222222
1.9626666666666668,35.09,-29.98,94.88045359078245,0.24444444444444444
1.9633333333333334,35.08,-29.97,99.717737209948,0.31388888888888883
1.964,35.06,-29.96,104.24799794568506,0.40555555555555556
1.9646666666666666,35.05,-29.96,108.27829374128567,0.5166666666666667
1.9653333333333334,35.03,-29.94,112.12561118725137,0.6444444444444444
1.966,35.01,-29.92,115.81447153844334,0.7888888888888889
1.9666666666666666,34.98,-29.91,119.19456012882115,0.9444444444444444
1.9673333333333334,34.94,-29.89,122.40233421436807,1.1055555555555556
1.968,34.9,-29.88,125.36083494443328,1.2694444444444446
1.9686666666666668,34.84,-29.85,128.70491101233262,1.4388888888888889
1.9693333333333334,34.79,-29.83,131.37889177820605,1.6083333333333334
1.97,34.72,-29.81,134.0034621063582,1.7722222222222221
1.9706666666666666,34.65,-29.78,136.4089641859736,1.9305555555555556
1.9713333333333334,34.58,-29.75,139.02145581667176,2.0833333333333335
1.972,34.5,-29.73,141.22100076868858,2.230555555555555
1.9726666666666666,34.41,-29.7,143.41138448601717,2.363888888888889
1.9733333333333334,34.32,-29.66,145.66289057599465,2.4861111111111107
1.974,34.22,-29.63,147.64495471833,2.5944444444444446
1.9746666666666668,34.12,-29.59,148.14865094584673,2.6972222222222224
1.9753333333333332,34.02,-29.56,150.00617513923575,2.7888888888888888
1.976,33.91,-29.52,150.47648391083172,2.875
1.9766666666666666,33.8,-29.49,150.87297060373024,2.9555555555555557
1.9773333333333334,33.69,-29.44,152.45581975968054,3.0305555555555554
1.9780000000000002,33.58,-29.4,152.8545662335354,3.102777777777778
1.9786666666666666,33.46,-29.36,153.19739982965817,3.1694444444444443
1.9793333333333334,33.34,-29.3,153.48924347711917,3.236111111111111
1.98,33.22,-29.25,153.75510410823497,3.3000000000000003
1.9806666666666668,33.1,-29.2,153.93181452309483,3.3638888888888885
1.9813333333333332,32.98,-29.15,154.11344175743938,3.433333333333333
1.982,32.84,-29.08,154.25433353616683,3.5027777777777773
1.9826666666666666,32.72,-29.02,154.33682396770467,3.5805555555555557
1.9833333333333334,32.59,-28.96,154.41046416127648,3.658333333333333
1.9840000000000002,32.46,-28.89,154.41745663764604,3.7361111111111107
1.9846666666666666,32.32,-28.82,154.41586818994242,3.8166666666666664
1.9853333333333334,32.19,-28.75,154.40422654320952,3.8944444444444444
1.986,32.05,-28.68,153.9383435149423,3.977777777777778
1.9866666666666668,31.91,-28.6,153.77358370200926,4.058333333333333
1.9873333333333332,31.77,-28.52,153.62261791628703,4.141666666666667
1.988,31.62,-28.44,153.3872303095637,4.227777777777778
1.9886666666666666,31.47,-28.35,153.10913212787293,4.311111111111111
1.9893333333333334,31.32,-28.27,152.8399751060784,4.391666666666667
1.99,31.17,-28.18,152.49749822831822,4.466666666666666
1.9906666666666666,31.01,-28.09,152.08480294466113,4.5361111111111105
1.9913333333333334,30.86,-27.99,151.27626357508456,4.602777777777778
1.992,30.7,-27.9,150.77071880184513,4.661111111111111
1.9926666666666668,30.54,-27.79,150.14731821696108,4.716666666666667
1.9933333333333332,30.38,-27.69,149.01747665934886,4.766666666666667
1.994,30.23,-27.59,147.95889867250432,4.808333333333333
1.9946666666666668,30.06,-27.48,147.0384063606778,4.8500000000000005
1.9953333333333334,29.9,-27.37,145.76671118123735,4.883333333333333
1.996,29.74,-27.26,144.32964232449024,4.908333333333334
1.9966666666666666,29.58,-27.14,143.45122760512376,4.936111111111111
1.9973333333333334,29.43,-27.02,142.8524148430059,4.961111111111111
1.998,29.26,-26.91,142.59629287411497,4.977777777777778
1.9986666666666666,29.1,-26.79,141.64643090361383,5.0
1.9993333333333332,28.95,-26.66,140.75007688591853,5.016666666666667
