minute,orientation_deg,velocity_m_s
1.0,80.13419305691528,0.7003570517957263
1.0006666666666666,80.13419305691528,0.7003570517957263
1.0013333333333334,80.13419305691528,0.7003570517957263
1.002,80.13419305691528,0.7003570517957263
1.0026666666666666,80.13419305691528,0.7003570517957263
1.0033333333333334,80.13419305691528,0.7003570517957263
1.004,80.13419305691528,0.7003570517957263
1.0046666666666666,80.13419305691528,0.7003570517957263
1.0053333333333334,80.13419305691528,0.7003570517957263
1.006,80.13419305691528,0.7003570517957263
1.0066666666666666,80.13419305691528,0.7003570517957263
1.0073333333333332,80.13419305691528,0.7003570517957263
1.008,80.13419305691528,0.7003570517957263
1.0086666666666668,80.13419305691528,0.7003570517957263
1.0093333333333334,80.13419305691528,0.7003570517957263
1.01,80.13419305691528,0.7003570517957263
1.0106666666666666,80.13419305691528,0.7003570517957263
1.0113333333333334,80.13419305691528,0.7003570517957263
1.012,80.13419305691528,0.7003570517957263
1.0126666666666666,80.13419305691528,0.7003570517957263
1.0133333333333332,80.13419305691528,0.7003570517957263
1.014,80.13419305691528,0.7003570517957263
1.0146666666666666,80.13419305691528,0.7003570517957263
1.0153333333333334,80.13419305691528,0.7003570517957263
1.016,80.13419305691528,0.7003570517957263
1.0166666666666666,83.00807465333246,1.067941945987701
1.0173333333333334,83.00807465333246,1.067941945987701
1.018,83.00807465333246,1.067941945987701
1.0186666666666666,83.00807465333246,1.067941945987701
1.0193333333333332,83.00807465333246,1.067941945987701
1.02,83.00807465333246,1.067941945987701
1.0206666666666666,83.00807465333246,1.067941945987701
1.0213333333333334,83.00807465333246,1.067941945987701
1.022,83.00807465333246,1.067941945987701
1.0226666666666666,83.00807465333246,1.067941945987701
1.0233333333333332,83.00807465333246,1.067941945987701
1.024,83.00807465333246,1.067941945987701
1.0246666666666666,83.00807465333246,1.067941945987701
1.0253333333333334,83.00807465333246,1.067941945987701
1.026,83.00807465333246,1.067941945987701
1.0266666666666666,83.00807465333246,1.067941945987701
1.0273333333333334,83.00807465333246,1.067941945987701
1.028,83.00807465333246,1.067941945987701
1.0286666666666666,83.00807465333246,1.067941945987701
1.0293333333333332,83.00807465333246,1.067941945987701
1.03,83.00807465333246,1.067941945987701
1.0306666666666666,83.00807465333246,1.067941945987701
1.0313333333333334,83.00807465333246,1.067941945987701
1.032,83.00807465333246,1.067941945987701
1.0326666666666666,83.00807465333246,1.067941945987701
1.0333333333333334,90.90938044919896,0.6300793600809347
1.034,90.90938044919896,0.6300793600809347
1.0346666666666666,90.90938044919896,0.6300793600809347
1.0353333333333332,90.90938044919896,0.6300793600809347
1.036,90.90938044919896,0.6300793600809347
1.0366666666666666,90.90938044919896,0.6300793600809347
1.0373333333333334,90.90938044919896,0.6300793600809347
1.038,90.90938044919896,0.6300793600809347
1.0386666666666666,90.90938044919896,0.6300793600809347
1.0393333333333332,90.90938044919896,0.6300793600809347
1.04,90.90938044919896,0.6300793600809347
1.0406666666666666,90.90938044919896,0.6300793600809347
1.0413333333333332,90.90938044919896,0.6300793600809347
1.042,90.90938044919896,0.6300793600809347
1.0426666666666666,90.90938044919896,0.6300793600809347
1.0433333333333334,90.90938044919896,0.6300793600809347
1.044,90.90938044919896,0.6300793600809347
1.0446666666666666,90.90938044919896,0.6300793600809347
1.0453333333333332,90.90938044919896,0.6300793600809347
1.046,90.90938044919896,0.6300793600809347
1.0466666666666666,90.90938044919896,0.6300793600809347
1.0473333333333334,90.90938044919896,0.6300793600809347
1.048,90.90938044919896,0.6300793600809347
1.0486666666666666,90.90938044919896,0.6300793600809347
1.0493333333333335,90.90938044919896,0.6300793600809347
1.05,75.96375653207333,0.4123105625617665
1.0506666666666666,75.96375653207333,0.4123105625617665
1.0513333333333332,75.96375653207333,0.4123105625617665
1.052,75.96375653207333,0.4123105625617665
1.0526666666666666,75.96375653207333,0.4123105625617665
1.0533333333333335,75.96375653207333,0.4123105625617665
1.054,75.96375653207333,0.4123105625617665
1.0546666666666666,75.96375653207333,0.4123105625617665
1.0553333333333332,75.96375653207333,0.4123105625617665
1.056,75.96375653207333,0.4123105625617665
1.0566666666666666,75.96375653207333,0.4123105625617665
1.0573333333333332,75.96375653207333,0.4123105625617665
1.058,75.96375653207333,0.4123105625617665
1.0586666666666666,75.96375653207333,0.4123105625617665
1.0593333333333335,75.96375653207333,0.4123105625617665
1.06,75.96375653207333,0.4123105625617665
1.0606666666666666,75.96375653207333,0.4123105625617665
1.0613333333333332,75.96375653207333,0.4123105625617665
1.062,75.96375653207333,0.4123105625617665
1.0626666666666666,75.96375653207333,0.4123105625617665
1.0633333333333332,75.96375653207333,0.4123105625617665
1.064,75.96375653207333,0.4123105625617665
1.0646666666666667,75.96375653207333,0.4123105625617665
1.0653333333333335,75.96375653207333,0.4123105625617665
1.066,75.96375653207333,0.4123105625617665
1.0666666666666667,49.63546342690275,0.7874642849043999
1.0673333333333335,49.63546342690275,0.7874642849043999
1.068,49.63546342690275,0.7874642849043999
1.0686666666666667,49.63546342690275,0.7874642849043999
1.0693333333333332,49.63546342690275,0.7874642849043999
1.07,49.63546342690275,0.7874642849043999
1.0706666666666667,49.63546342690275,0.7874642849043999
1.0713333333333332,49.63546342690275,0.7874642849043999
1.0719999999999998,49.63546342690275,0.7874642849043999
1.0726666666666667,49.63546342690275,0.7874642849043999
1.0733333333333335,49.63546342690275,0.7874642849043999
1.074,49.63546342690275,0.7874642849043999
1.0746666666666667,49.63546342690275,0.7874642849043999
1.0753333333333333,49.63546342690275,0.7874642849043999
1.076,49.63546342690275,0.7874642849043999
1.0766666666666667,49.63546342690275,0.7874642849043999
1.0773333333333333,49.63546342690275,0.7874642849043999
1.078,49.63546342690275,0.7874642849043999
1.0786666666666667,49.63546342690275,0.7874642849043999
1.0793333333333335,49.63546342690275,0.7874642849043999
1.0799999999999998,49.63546342690275,0.7874642849043999
1.0806666666666667,49.63546342690275,0.7874642849043999
1.0813333333333333,49.63546342690275,0.7874642849043999
1.082,49.63546342690275,0.7874642849043999
1.0826666666666667,49.63546342690275,0.7874642849043999
1.0833333333333333,41.85504253530217,0.6444377394287186
1.084,41.85504253530217,0.6444377394287186
1.0846666666666667,41.85504253530217,0.6444377394287186
1.0853333333333335,41.85504253530217,0.6444377394287186
1.0859999999999999,41.85504253530217,0.6444377394287186
1.0866666666666667,41.85504253530217,0.6444377394287186
1.0873333333333333,41.85504253530217,0.6444377394287186
1.088,41.85504253530217,0.6444377394287186
1.0886666666666664,41.85504253530217,0.6444377394287186
1.0893333333333333,41.85504253530217,0.6444377394287186
1.09,41.85504253530217,0.6444377394287186
1.0906666666666667,41.85504253530217,0.6444377394287186
1.0913333333333335,41.85504253530217,0.6444377394287186
1.0919999999999999,41.85504253530217,0.6444377394287186
1.0926666666666667,41.85504253530217,0.6444377394287186
1.0933333333333333,41.85504253530217,0.6444377394287186
1.094,41.85504253530217,0.6444377394287186
1.0946666666666667,41.85504253530217,0.6444377394287186
1.0953333333333333,41.85504253530217,0.6444377394287186
1.096,41.85504253530217,0.6444377394287186
1.0966666666666667,41.85504253530217,0.6444377394287186
1.0973333333333335,41.85504253530217,0.6444377394287186
1.0979999999999999,41.85504253530217,0.6444377394287186
1.0986666666666667,41.85504253530217,0.6444377394287186
1.0993333333333333,41.85504253530217,0.6444377394287186
1.1,50.71059313749969,0.2842534080710377
1.1006666666666667,50.71059313749969,0.2842534080710377
1.1013333333333333,50.71059313749969,0.2842534080710377
1.102,50.71059313749969,0.2842534080710377
1.1026666666666667,50.71059313749969,0.2842534080710377
1.1033333333333333,50.71059313749969,0.2842534080710377
1.1039999999999999,50.71059313749969,0.2842534080710377
1.1046666666666667,50.71059313749969,0.2842534080710377
1.1053333333333333,50.71059313749969,0.2842534080710377
1.106,50.71059313749969,0.2842534080710377
1.1066666666666667,50.71059313749969,0.2842534080710377
1.1073333333333333,50.71059313749969,0.2842534080710377
1.108,50.71059313749969,0.2842534080710377
1.1086666666666667,50.71059313749969,0.2842534080710377
1.1093333333333333,50.71059313749969,0.2842534080710377
1.1099999999999999,50.71059313749969,0.2842534080710377
1.1106666666666667,50.71059313749969,0.2842534080710377
1.1113333333333335,50.71059313749969,0.2842534080710377
1.1119999999999999,50.71059313749969,0.2842534080710377
1.1126666666666667,50.71059313749969,0.2842534080710377
1.1133333333333333,50.71059313749969,0.2842534080710377
1.114,50.71059313749969,0.2842534080710377
1.1146666666666667,50.71059313749969,0.2842534080710377
1.1153333333333333,50.71059313749969,0.2842534080710377
1.1159999999999999,50.71059313749969,0.2842534080710377
1.1166666666666667,97.76516601842381,0.22203603311174436
1.1173333333333335,97.76516601842381,0.22203603311174436
1.1179999999999999,97.76516601842381,0.22203603311174436
1.1186666666666667,97.76516601842381,0.22203603311174436
1.1193333333333333,97.76516601842381,0.22203603311174436
1.12,97.76516601842381,0.22203603311174436
1.1206666666666665,97.76516601842381,0.22203603311174436
1.1213333333333333,97.76516601842381,0.22203603311174436
1.1219999999999999,97.76516601842381,0.22203603311174436
1.1226666666666667,97.76516601842381,0.22203603311174436
1.1233333333333335,97.76516601842381,0.22203603311174436
1.1239999999999999,97.76516601842381,0.22203603311174436
1.1246666666666667,97.76516601842381,0.22203603311174436
1.1253333333333333,97.76516601842381,0.22203603311174436
1.1260000000000001,97.76516601842381,0.22203603311174436
1.1266666666666665,97.76516601842381,0.22203603311174436
1.1273333333333333,97.76516601842381,0.22203603311174436
1.1280000000000001,97.76516601842381,0.22203603311174436
1.1286666666666667,97.76516601842381,0.22203603311174436
1.1293333333333335,97.76516601842381,0.22203603311174436
1.13,97.76516601842381,0.22203603311174436
1.1306666666666667,97.76516601842381,0.22203603311174436
1.1313333333333333,97.76516601842381,0.22203603311174436
1.1320000000000001,97.76516601842381,0.22203603311174436
1.1326666666666665,97.76516601842381,0.22203603311174436
1.1333333333333333,11.309932474020211,0.25495097567963926
1.1340000000000001,11.309932474020211,0.25495097567963926
1.1346666666666667,11.309932474020211,0.25495097567963926
1.1353333333333333,11.309932474020211,0.25495097567963926
1.136,11.309932474020211,0.25495097567963926
1.1366666666666667,11.309932474020211,0.25495097567963926
1.1373333333333333,11.309932474020211,0.25495097567963926
1.1380000000000001,11.309932474020211,0.25495097567963926
1.1386666666666665,11.309932474020211,0.25495097567963926
1.1393333333333333,11.309932474020211,0.25495097567963926
1.1400000000000001,11.309932474020211,0.25495097567963926
1.1406666666666667,11.309932474020211,0.25495097567963926
1.1413333333333333,11.309932474020211,0.25495097567963926
1.142,11.309932474020211,0.25495097567963926
1.1426666666666667,11.309932474020211,0.25495097567963926
1.1433333333333333,11.309932474020211,0.25495097567963926
1.144,11.309932474020211,0.25495097567963926
1.1446666666666667,11.309932474020211,0.25495097567963926
1.1453333333333333,11.309932474020211,0.25495097567963926
1.1460000000000001,11.309932474020211,0.25495097567963926
1.1466666666666667,11.309932474020211,0.25495097567963926
1.1473333333333333,11.309932474020211,0.25495097567963926
1.148,11.309932474020211,0.25495097567963926
1.1486666666666667,11.309932474020211,0.25495097567963926
1.1493333333333333,11.309932474020211,0.25495097567963926
1.15,165.57922687248907,0.36138621999185444
1.1506666666666667,165.57922687248907,0.36138621999185444
1.1513333333333333,165.57922687248907,0.36138621999185444
1.1520000000000001,165.57922687248907,0.36138621999185444
1.1526666666666665,165.57922687248907,0.36138621999185444
1.1533333333333333,165.57922687248907,0.36138621999185444
1.154,165.57922687248907,0.36138621999185444
1.1546666666666667,165.57922687248907,0.36138621999185444
1.1553333333333333,165.57922687248907,0.36138621999185444
1.156,165.57922687248907,0.36138621999185444
1.1566666666666667,165.57922687248907,0.36138621999185444
1.1573333333333333,165.57922687248907,0.36138621999185444
1.1580000000000001,165.57922687248907,0.36138621999185444
1.1586666666666665,165.57922687248907,0.36138621999185444
1.1593333333333333,165.57922687248907,0.36138621999185444
1.16,165.57922687248907,0.36138621999185444
1.1606666666666667,165.57922687248907,0.36138621999185444
1.1613333333333336,165.57922687248907,0.36138621999185444
1.162,165.57922687248907,0.36138621999185444
1.1626666666666667,165.57922687248907,0.36138621999185444
1.1633333333333333,165.57922687248907,0.36138621999185444
1.1640000000000001,165.57922687248907,0.36138621999185444
1.1646666666666665,165.57922687248907,0.36138621999185444
1.1653333333333333,165.57922687248907,0.36138621999185444
1.166,165.57922687248907,0.36138621999185444
1.1666666666666667,-120.73548770191998,0.4304648650006171
1.1673333333333333,-120.73548770191998,0.4304648650006171
1.168,-120.73548770191998,0.4304648650006171
1.1686666666666667,-120.73548770191998,0.4304648650006171
1.1693333333333333,-120.73548770191998,0.4304648650006171
1.1700000000000002,-120.73548770191998,0.4304648650006171
1.1706666666666665,-120.73548770191998,0.4304648650006171
1.1713333333333333,-120.73548770191998,0.4304648650006171
1.172,-120.73548770191998,0.4304648650006171
1.1726666666666667,-120.73548770191998,0.4304648650006171
1.1733333333333333,-120.73548770191998,0.4304648650006171
1.174,-120.73548770191998,0.4304648650006171
1.1746666666666667,-120.73548770191998,0.4304648650006171
1.1753333333333333,-120.73548770191998,0.4304648650006171
1.176,-120.73548770191998,0.4304648650006171
1.1766666666666665,-120.73548770191998,0.4304648650006171
1.1773333333333333,-120.73548770191998,0.4304648650006171
1.1780000000000002,-120.73548770191998,0.4304648650006171
1.1786666666666668,-120.73548770191998,0.4304648650006171
1.1793333333333333,-120.73548770191998,0.4304648650006171
1.18,-120.73548770191998,0.4304648650006171
1.1806666666666668,-120.73548770191998,0.4304648650006171
1.1813333333333333,-120.73548770191998,0.4304648650006171
1.182,-120.73548770191998,0.4304648650006171
1.1826666666666665,-120.73548770191998,0.4304648650006171
1.1833333333333333,64.98310652189988,0.1655294535724686
1.1840000000000002,64.98310652189988,0.1655294535724686
1.1846666666666665,64.98310652189988,0.1655294535724686
1.1853333333333333,64.98310652189988,0.1655294535724686
1.186,64.98310652189988,0.1655294535724686
1.1866666666666668,64.98310652189988,0.1655294535724686
1.1873333333333334,64.98310652189988,0.1655294535724686
1.188,64.98310652189988,0.1655294535724686
1.1886666666666665,64.98310652189988,0.1655294535724686
1.1893333333333334,64.98310652189988,0.1655294535724686
1.1900000000000002,64.98310652189988,0.1655294535724686
1.1906666666666665,64.98310652189988,0.1655294535724686
1.1913333333333334,64.98310652189988,0.1655294535724686
1.192,64.98310652189988,0.1655294535724686
1.1926666666666668,64.98310652189988,0.1655294535724686
1.1933333333333331,64.98310652189988,0.1655294535724686
1.194,64.98310652189988,0.1655294535724686
1.1946666666666668,64.98310652189988,0.1655294535724686
1.1953333333333334,64.98310652189988,0.1655294535724686
1.1960000000000002,64.98310652189988,0.1655294535724686
1.1966666666666665,64.98310652189988,0.1655294535724686
1.1973333333333334,64.98310652189988,0.1655294535724686
1.198,64.98310652189988,0.1655294535724686
1.1986666666666668,64.98310652189988,0.1655294535724686
1.1993333333333331,64.98310652189988,0.1655294535724686
1.2,74.05460409907747,0.14560219778561015
1.2006666666666668,74.05460409907747,0.14560219778561015
1.2013333333333334,74.05460409907747,0.14560219778561015
1.2020000000000002,74.05460409907747,0.14560219778561015
1.2026666666666666,74.05460409907747,0.14560219778561015
1.2033333333333334,74.05460409907747,0.14560219778561015
1.204,74.05460409907747,0.14560219778561015
1.2046666666666668,74.05460409907747,0.14560219778561015
1.2053333333333331,74.05460409907747,0.14560219778561015
1.206,74.05460409907747,0.14560219778561015
1.2066666666666668,74.05460409907747,0.14560219778561015
1.2073333333333334,74.05460409907747,0.14560219778561015
1.208,74.05460409907747,0.14560219778561015
1.2086666666666666,74.05460409907747,0.14560219778561015
1.2093333333333334,74.05460409907747,0.14560219778561015
1.21,74.05460409907747,0.14560219778561015
1.2106666666666668,74.05460409907747,0.14560219778561015
1.2113333333333334,74.05460409907747,0.14560219778561015
1.212,74.05460409907747,0.14560219778561015
1.2126666666666668,74.05460409907747,0.14560219778561015
1.2133333333333334,74.05460409907747,0.14560219778561015
1.214,74.05460409907747,0.14560219778561015
1.2146666666666666,74.05460409907747,0.14560219778561015
1.2153333333333334,74.05460409907747,0.14560219778561015
1.216,74.05460409907747,0.14560219778561015
1.2166666666666666,-47.12109639666246,0.19104973174542492
1.2173333333333334,-47.12109639666246,0.19104973174542492
1.218,-47.12109639666246,0.19104973174542492
1.2186666666666668,-47.12109639666246,0.19104973174542492
1.2193333333333334,-47.12109639666246,0.19104973174542492
1.22,-47.12109639666246,0.19104973174542492
1.2206666666666666,-47.12109639666246,0.19104973174542492
1.2213333333333334,-47.12109639666246,0.19104973174542492
1.222,-47.12109639666246,0.19104973174542492
1.2226666666666666,-47.12109639666246,0.19104973174542492
1.2233333333333334,-47.12109639666246,0.19104973174542492
1.224,-47.12109639666246,0.19104973174542492
1.2246666666666668,-47.12109639666246,0.19104973174542492
1.2253333333333332,-47.12109639666246,0.19104973174542492
1.226,-47.12109639666246,0.19104973174542492
1.2266666666666666,-47.12109639666246,0.19104973174542492
1.2273333333333334,-47.12109639666246,0.19104973174542492
1.2280000000000002,-47.12109639666246,0.19104973174542492
1.2286666666666666,-47.12109639666246,0.19104973174542492
1.2293333333333334,-47.12109639666246,0.19104973174542492
1.23,-47.12109639666246,0.19104973174542492
1.2306666666666668,-47.12109639666246,0.19104973174542492
1.2313333333333332,-47.12109639666246,0.19104973174542492
1.232,-47.12109639666246,0.19104973174542492
1.2326666666666666,-47.12109639666246,0.19104973174542492
1.2333333333333334,-25.01689347809919,0.16552945357247364
1.2340000000000002,-25.01689347809919,0.16552945357247364
1.2346666666666666,-25.01689347809919,0.16552945357247364
1.2353333333333334,-25.01689347809919,0.16552945357247364
1.236,-25.01689347809919,0.16552945357247364
1.2366666666666668,-25.01689347809919,0.16552945357247364
1.2373333333333332,-25.01689347809919,0.16552945357247364
1.238,-25.01689347809919,0.16552945357247364
1.2386666666666666,-25.01689347809919,0.16552945357247364
1.2393333333333334,-25.01689347809919,0.16552945357247364
1.24,-25.01689347809919,0.16552945357247364
1.2406666666666666,-25.01689347809919,0.16552945357247364
1.2413333333333334,-25.01689347809919,0.16552945357247364
1.242,-25.01689347809919,0.16552945357247364
1.2426666666666668,-25.01689347809919,0.16552945357247364
1.2433333333333332,-25.01689347809919,0.16552945357247364
1.244,-25.01689347809919,0.16552945357247364
1.2446666666666668,-25.01689347809919,0.16552945357247364
1.2453333333333334,-25.01689347809919,0.16552945357247364
1.246,-25.01689347809919,0.16552945357247364
1.2466666666666666,-25.01689347809919,0.16552945357247364
1.2473333333333334,-25.01689347809919,0.16552945357247364
1.248,-25.01689347809919,0.16552945357247364
1.2486666666666666,-25.01689347809919,0.16552945357247364
1.2493333333333332,-25.01689347809919,0.16552945357247364
1.25,-14.03624346792676,0.04123105625617578
1.2506666666666668,-14.03624346792676,0.04123105625617578
1.2513333333333334,-14.03624346792676,0.04123105625617578
1.252,-14.03624346792676,0.04123105625617578
1.2526666666666666,-14.03624346792676,0.04123105625617578
1.2533333333333334,-14.03624346792676,0.04123105625617578
1.254,-14.03624346792676,0.04123105625617578
1.2546666666666666,-14.03624346792676,0.04123105625617578
1.2553333333333332,-14.03624346792676,0.04123105625617578
1.256,-14.03624346792676,0.04123105625617578
1.2566666666666668,-14.03624346792676,0.04123105625617578
1.2573333333333332,-14.03624346792676,0.04123105625617578
1.258,-14.03624346792676,0.04123105625617578
1.2586666666666666,-14.03624346792676,0.04123105625617578
1.2593333333333334,-14.03624346792676,0.04123105625617578
1.26,-14.03624346792676,0.04123105625617578
1.2606666666666666,-14.03624346792676,0.04123105625617578
1.2613333333333334,-14.03624346792676,0.04123105625617578
1.262,-14.03624346792676,0.04123105625617578
1.2626666666666668,-14.03624346792676,0.04123105625617578
1.2633333333333332,-14.03624346792676,0.04123105625617578
1.264,-14.03624346792676,0.04123105625617578
1.2646666666666666,-14.03624346792676,0.04123105625617578
1.2653333333333334,-14.03624346792676,0.04123105625617578
1.2659999999999998,-14.03624346792676,0.04123105625617578
1.2666666666666666,108.4349488229308,0.03162277660168541
1.2673333333333334,108.4349488229308,0.03162277660168541
1.268,108.4349488229308,0.03162277660168541
1.2686666666666668,108.4349488229308,0.03162277660168541
1.2693333333333332,108.4349488229308,0.03162277660168541
1.27,108.4349488229308,0.03162277660168541
1.2706666666666666,108.4349488229308,0.03162277660168541
1.2713333333333334,108.4349488229308,0.03162277660168541
1.2719999999999998,108.4349488229308,0.03162277660168541
1.2726666666666666,108.4349488229308,0.03162277660168541
1.2733333333333334,108.4349488229308,0.03162277660168541
1.274,108.4349488229308,0.03162277660168541
1.2746666666666668,108.4349488229308,0.03162277660168541
1.2753333333333332,108.4349488229308,0.03162277660168541
1.276,108.4349488229308,0.03162277660168541
1.2766666666666666,108.4349488229308,0.03162277660168541
1.2773333333333334,108.4349488229308,0.03162277660168541
1.278,108.4349488229308,0.03162277660168541
1.2786666666666666,108.4349488229308,0.03162277660168541
1.2793333333333334,108.4349488229308,0.03162277660168541
1.28,108.4349488229308,0.03162277660168541
1.2806666666666666,108.4349488229308,0.03162277660168541
1.2813333333333332,108.4349488229308,0.03162277660168541
1.282,108.4349488229308,0.03162277660168541
1.2826666666666666,108.4349488229308,0.03162277660168541
1.2833333333333334,90.0,0.010000000000000009
1.284,90.0,0.010000000000000009
1.2846666666666666,90.0,0.010000000000000009
1.2853333333333334,90.0,0.010000000000000009
1.286,90.0,0.010000000000000009
1.2866666666666666,90.0,0.010000000000000009
1.2873333333333332,90.0,0.010000000000000009
1.288,90.0,0.010000000000000009
1.2886666666666666,90.0,0.010000000000000009
1.2893333333333332,90.0,0.010000000000000009
1.29,90.0,0.010000000000000009
1.2906666666666666,90.0,0.010000000000000009
1.2913333333333334,90.0,0.010000000000000009
1.292,90.0,0.010000000000000009
1.2926666666666666,90.0,0.010000000000000009
1.2933333333333332,90.0,0.010000000000000009
1.294,90.0,0.010000000000000009
1.2946666666666669,90.0,0.010000000000000009
1.2953333333333332,90.0,0.010000000000000009
1.296,90.0,0.010000000000000009
1.2966666666666666,90.0,0.010000000000000009
1.2973333333333334,90.0,0.010000000000000009
1.2979999999999998,90.0,0.010000000000000009
1.2986666666666666,90.0,0.010000000000000009
1.2993333333333332,90.0,0.010000000000000009
1.3,90.0,0.03999999999999998
1.3006666666666669,90.0,0.03999999999999998
1.3013333333333332,90.0,0.03999999999999998
1.302,90.0,0.03999999999999998
1.3026666666666666,90.0,0.03999999999999998
1.3033333333333335,90.0,0.03999999999999998
1.3039999999999998,90.0,0.03999999999999998
1.3046666666666666,90.0,0.03999999999999998
1.3053333333333332,90.0,0.03999999999999998
1.306,90.0,0.03999999999999998
1.3066666666666669,90.0,0.03999999999999998
1.3073333333333332,90.0,0.03999999999999998
1.308,90.0,0.03999999999999998
1.3086666666666666,90.0,0.03999999999999998
1.3093333333333335,90.0,0.03999999999999998
1.3099999999999998,90.0,0.03999999999999998
1.3106666666666666,90.0,0.03999999999999998
1.3113333333333335,90.0,0.03999999999999998
1.312,90.0,0.03999999999999998
1.3126666666666666,90.0,0.03999999999999998
1.3133333333333332,90.0,0.03999999999999998
1.314,90.0,0.03999999999999998
1.3146666666666667,90.0,0.03999999999999998
1.3153333333333335,90.0,0.03999999999999998
1.3159999999999998,90.0,0.03999999999999998
1.3166666666666667,129.55966796899418,0.2983286778035245
1.3173333333333335,129.55966796899418,0.2983286778035245
1.318,129.55966796899418,0.2983286778035245
1.3186666666666667,129.55966796899418,0.2983286778035245
1.3193333333333332,129.55966796899418,0.2983286778035245
1.32,129.55966796899418,0.2983286778035245
1.3206666666666667,129.55966796899418,0.2983286778035245
1.3213333333333332,129.55966796899418,0.2983286778035245
1.3219999999999998,129.55966796899418,0.2983286778035245
1.3226666666666667,129.55966796899418,0.2983286778035245
1.3233333333333335,129.55966796899418,0.2983286778035245
1.324,129.55966796899418,0.2983286778035245
1.3246666666666667,129.55966796899418,0.2983286778035245
1.3253333333333333,129.55966796899418,0.2983286778035245
1.326,129.55966796899418,0.2983286778035245
1.3266666666666667,129.55966796899418,0.2983286778035245
1.3273333333333333,129.55966796899418,0.2983286778035245
1.328,129.55966796899418,0.2983286778035245
1.3286666666666667,129.55966796899418,0.2983286778035245
1.3293333333333335,129.55966796899418,0.2983286778035245
1.3299999999999998,129.55966796899418,0.2983286778035245
1.3306666666666667,129.55966796899418,0.2983286778035245
1.3313333333333333,129.55966796899418,0.2983286778035245
1.332,129.55966796899418,0.2983286778035245
1.3326666666666667,129.55966796899418,0.2983286778035245
1.3333333333333333,26.565051177078498,0.04472135954999504
1.334,26.565051177078498,0.04472135954999504
1.3346666666666667,26.565051177078498,0.04472135954999504
1.3353333333333335,26.565051177078498,0.04472135954999504
1.3359999999999999,26.565051177078498,0.04472135954999504
1.3366666666666667,26.565051177078498,0.04472135954999504
1.3373333333333333,26.565051177078498,0.04472135954999504
1.338,26.565051177078498,0.04472135954999504
1.3386666666666664,26.565051177078498,0.04472135954999504
1.3393333333333333,26.565051177078498,0.04472135954999504
1.34,26.565051177078498,0.04472135954999504
1.3406666666666667,26.565051177078498,0.04472135954999504
1.3413333333333335,26.565051177078498,0.04472135954999504
1.3419999999999999,26.565051177078498,0.04472135954999504
1.3426666666666667,26.565051177078498,0.04472135954999504
1.3433333333333333,26.565051177078498,0.04472135954999504
1.344,26.565051177078498,0.04472135954999504
1.3446666666666667,26.565051177078498,0.04472135954999504
1.3453333333333333,26.565051177078498,0.04472135954999504
1.346,26.565051177078498,0.04472135954999504
1.3466666666666667,26.565051177078498,0.04472135954999504
1.3473333333333335,26.565051177078498,0.04472135954999504
1.3479999999999999,26.565051177078498,0.04472135954999504
1.3486666666666667,26.565051177078498,0.04472135954999504
1.3493333333333333,26.565051177078498,0.04472135954999504
1.35,-74.05460409907747,0.2912043955712203
1.3506666666666667,-74.05460409907747,0.2912043955712203
1.3513333333333333,-74.05460409907747,0.2912043955712203
1.352,-74.05460409907747,0.2912043955712203
1.3526666666666667,-74.05460409907747,0.2912043955712203
1.3533333333333333,-74.05460409907747,0.2912043955712203
1.3539999999999999,-74.05460409907747,0.2912043955712203
1.3546666666666667,-74.05460409907747,0.2912043955712203
1.3553333333333333,-74.05460409907747,0.2912043955712203
1.356,-74.05460409907747,0.2912043955712203
1.3566666666666667,-74.05460409907747,0.2912043955712203
1.3573333333333333,-74.05460409907747,0.2912043955712203
1.358,-74.05460409907747,0.2912043955712203
1.3586666666666667,-74.05460409907747,0.2912043955712203
1.3593333333333333,-74.05460409907747,0.2912043955712203
1.3599999999999999,-74.05460409907747,0.2912043955712203
1.3606666666666667,-74.05460409907747,0.2912043955712203
1.3613333333333335,-74.05460409907747,0.2912043955712203
1.3619999999999999,-74.05460409907747,0.2912043955712203
1.3626666666666667,-74.05460409907747,0.2912043955712203
1.3633333333333333,-74.05460409907747,0.2912043955712203
1.364,-74.05460409907747,0.2912043955712203
1.3646666666666667,-74.05460409907747,0.2912043955712203
1.3653333333333333,-74.05460409907747,0.2912043955712203
1.3659999999999999,-74.05460409907747,0.2912043955712203
1.3666666666666667,126.02737338510303,0.13601470508735344
1.3673333333333335,126.02737338510303,0.13601470508735344
1.3679999999999999,126.02737338510303,0.13601470508735344
1.3686666666666667,126.02737338510303,0.13601470508735344
1.3693333333333333,126.02737338510303,0.13601470508735344
1.37,126.02737338510303,0.13601470508735344
1.3706666666666665,126.02737338510303,0.13601470508735344
1.3713333333333333,126.02737338510303,0.13601470508735344
1.3719999999999999,126.02737338510303,0.13601470508735344
1.3726666666666667,126.02737338510303,0.13601470508735344
1.3733333333333335,126.02737338510303,0.13601470508735344
1.3739999999999999,126.02737338510303,0.13601470508735344
1.3746666666666667,126.02737338510303,0.13601470508735344
1.3753333333333333,126.02737338510303,0.13601470508735344
1.3760000000000001,126.02737338510303,0.13601470508735344
1.3766666666666665,126.02737338510303,0.13601470508735344
1.3773333333333333,126.02737338510303,0.13601470508735344
1.3780000000000001,126.02737338510303,0.13601470508735344
1.3786666666666667,126.02737338510303,0.13601470508735344
1.3793333333333335,126.02737338510303,0.13601470508735344
1.38,126.02737338510303,0.13601470508735344
1.3806666666666667,126.02737338510303,0.13601470508735344
1.3813333333333333,126.02737338510303,0.13601470508735344
1.3820000000000001,126.02737338510303,0.13601470508735344
1.3826666666666665,126.02737338510303,0.13601470508735344
1.3833333333333333,-59.03624346792553,0.058309518948453605
1.3840000000000001,-59.03624346792553,0.058309518948453605
1.3846666666666667,-59.03624346792553,0.058309518948453605
1.3853333333333333,-59.03624346792553,0.058309518948453605
1.386,-59.03624346792553,0.058309518948453605
1.3866666666666667,-59.03624346792553,0.058309518948453605
1.3873333333333333,-59.03624346792553,0.058309518948453605
1.3880000000000001,-59.03624346792553,0.058309518948453605
1.3886666666666665,-59.03624346792553,0.058309518948453605
1.3893333333333333,-59.03624346792553,0.058309518948453605
1.3900000000000001,-59.03624346792553,0.058309518948453605
1.3906666666666667,-59.03624346792553,0.058309518948453605
1.3913333333333333,-59.03624346792553,0.058309518948453605
1.392,-59.03624346792553,0.058309518948453605
1.3926666666666667,-59.03624346792553,0.058309518948453605
1.3933333333333333,-59.03624346792553,0.058309518948453605
1.394,-59.03624346792553,0.058309518948453605
1.3946666666666667,-59.03624346792553,0.058309518948453605
1.3953333333333333,-59.03624346792553,0.058309518948453605
1.3960000000000001,-59.03624346792553,0.058309518948453605
1.3966666666666667,-59.03624346792553,0.058309518948453605
1.3973333333333333,-59.03624346792553,0.058309518948453605
1.398,-59.03624346792553,0.058309518948453605
1.3986666666666667,-59.03624346792553,0.058309518948453605
1.3993333333333333,-59.03624346792553,0.058309518948453605
1.4,0.0,0.0
1.4006666666666667,0.0,0.0
1.4013333333333333,0.0,0.0
1.4020000000000001,0.0,0.0
1.4026666666666665,0.0,0.0
1.4033333333333333,0.0,0.0
1.404,0.0,0.0
1.4046666666666667,0.0,0.0
1.4053333333333333,0.0,0.0
1.406,0.0,0.0
1.4066666666666667,0.0,0.0
1.4073333333333333,0.0,0.0
1.4080000000000001,0.0,0.0
1.4086666666666665,0.0,0.0
1.4093333333333333,0.0,0.0
1.41,0.0,0.0
1.4106666666666667,0.0,0.0
1.4113333333333336,0.0,0.0
1.412,0.0,0.0
1.4126666666666667,0.0,0.0
1.4133333333333333,0.0,0.0
1.4140000000000001,0.0,0.0
1.4146666666666665,0.0,0.0
1.4153333333333333,0.0,0.0
1.416,0.0,0.0
1.4166666666666667,-49.398705354994455,0.09219544457293034
1.4173333333333333,-49.398705354994455,0.09219544457293034
1.418,-49.398705354994455,0.09219544457293034
1.4186666666666667,-49.398705354994455,0.09219544457293034
1.4193333333333333,-49.398705354994455,0.09219544457293034
1.4200000000000002,-49.398705354994455,0.09219544457293034
1.4206666666666665,-49.398705354994455,0.09219544457293034
1.4213333333333333,-49.398705354994455,0.09219544457293034
1.422,-49.398705354994455,0.09219544457293034
1.4226666666666667,-49.398705354994455,0.09219544457293034
1.4233333333333333,-49.398705354994455,0.09219544457293034
1.424,-49.398705354994455,0.09219544457293034
1.4246666666666667,-49.398705354994455,0.09219544457293034
1.4253333333333333,-49.398705354994455,0.09219544457293034
1.426,-49.398705354994455,0.09219544457293034
1.4266666666666665,-49.398705354994455,0.09219544457293034
1.4273333333333333,-49.398705354994455,0.09219544457293034
1.4280000000000002,-49.398705354994455,0.09219544457293034
1.4286666666666668,-49.398705354994455,0.09219544457293034
1.4293333333333333,-49.398705354994455,0.09219544457293034
1.43,-49.398705354994455,0.09219544457293034
1.4306666666666668,-49.398705354994455,0.09219544457293034
1.4313333333333333,-49.398705354994455,0.09219544457293034
1.432,-49.398705354994455,0.09219544457293034
1.4326666666666665,-49.398705354994455,0.09219544457293034
1.4333333333333333,-33.69006752597881,0.03605551275464085
1.4340000000000002,-33.69006752597881,0.03605551275464085
1.4346666666666665,-33.69006752597881,0.03605551275464085
1.4353333333333333,-33.69006752597881,0.03605551275464085
1.436,-33.69006752597881,0.03605551275464085
1.4366666666666668,-33.69006752597881,0.03605551275464085
1.4373333333333334,-33.69006752597881,0.03605551275464085
1.438,-33.69006752597881,0.03605551275464085
1.4386666666666665,-33.69006752597881,0.03605551275464085
1.4393333333333334,-33.69006752597881,0.03605551275464085
1.4400000000000002,-33.69006752597881,0.03605551275464085
1.4406666666666665,-33.69006752597881,0.03605551275464085
1.4413333333333334,-33.69006752597881,0.03605551275464085
1.442,-33.69006752597881,0.03605551275464085
1.4426666666666668,-33.69006752597881,0.03605551275464085
1.4433333333333331,-33.69006752597881,0.03605551275464085
1.444,-33.69006752597881,0.03605551275464085
1.4446666666666668,-33.69006752597881,0.03605551275464085
1.4453333333333334,-33.69006752597881,0.03605551275464085
1.4460000000000002,-33.69006752597881,0.03605551275464085
1.4466666666666665,-33.69006752597881,0.03605551275464085
1.4473333333333334,-33.69006752597881,0.03605551275464085
1.448,-33.69006752597881,0.03605551275464085
1.4486666666666668,-33.69006752597881,0.03605551275464085
1.4493333333333331,-33.69006752597881,0.03605551275464085
1.45,-63.4349488229225,0.0894427190999912
1.4506666666666668,-63.4349488229225,0.0894427190999912
1.4513333333333334,-63.4349488229225,0.0894427190999912
1.4520000000000002,-63.4349488229225,0.0894427190999912
1.4526666666666666,-63.4349488229225,0.0894427190999912
1.4533333333333334,-63.4349488229225,0.0894427190999912
1.454,-63.4349488229225,0.0894427190999912
1.4546666666666668,-63.4349488229225,0.0894427190999912
1.4553333333333331,-63.4349488229225,0.0894427190999912
1.456,-63.4349488229225,0.0894427190999912
1.4566666666666668,-63.4349488229225,0.0894427190999912
1.4573333333333334,-63.4349488229225,0.0894427190999912
1.458,-63.4349488229225,0.0894427190999912
1.4586666666666666,-63.4349488229225,0.0894427190999912
1.4593333333333334,-63.4349488229225,0.0894427190999912
1.46,-63.4349488229225,0.0894427190999912
1.4606666666666668,-63.4349488229225,0.0894427190999912
1.4613333333333334,-63.4349488229225,0.0894427190999912
1.462,-63.4349488229225,0.0894427190999912
1.4626666666666668,-63.4349488229225,0.0894427190999912
1.4633333333333334,-63.4349488229225,0.0894427190999912
1.464,-63.4349488229225,0.0894427190999912
1.4646666666666666,-63.4349488229225,0.0894427190999912
1.4653333333333334,-63.4349488229225,0.0894427190999912
1.466,-63.4349488229225,0.0894427190999912
1.4666666666666666,-33.69006752597878,0.03605551275464084
1.4673333333333334,-33.69006752597878,0.03605551275464084
1.468,-33.69006752597878,0.03605551275464084
1.4686666666666668,-33.69006752597878,0.03605551275464084
1.4693333333333334,-33.69006752597878,0.03605551275464084
1.47,-33.69006752597878,0.03605551275464084
1.4706666666666666,-33.69006752597878,0.03605551275464084
1.4713333333333334,-33.69006752597878,0.03605551275464084
1.472,-33.69006752597878,0.03605551275464084
1.4726666666666666,-33.69006752597878,0.03605551275464084
1.4733333333333334,-33.69006752597878,0.03605551275464084
1.474,-33.69006752597878,0.03605551275464084
1.4746666666666668,-33.69006752597878,0.03605551275464084
1.4753333333333332,-33.69006752597878,0.03605551275464084
1.476,-33.69006752597878,0.03605551275464084
1.4766666666666666,-33.69006752597878,0.03605551275464084
1.4773333333333334,-33.69006752597878,0.03605551275464084
1.4780000000000002,-33.69006752597878,0.03605551275464084
1.4786666666666666,-33.69006752597878,0.03605551275464084
1.4793333333333334,-33.69006752597878,0.03605551275464084
1.48,-33.69006752597878,0.03605551275464084
1.4806666666666668,-33.69006752597878,0.03605551275464084
1.4813333333333332,-33.69006752597878,0.03605551275464084
1.482,-33.69006752597878,0.03605551275464084
1.4826666666666666,-33.69006752597878,0.03605551275464084
1.4833333333333334,141.34019174591032,0.12806248474865808
1.4840000000000002,141.34019174591032,0.12806248474865808
1.4846666666666666,141.34019174591032,0.12806248474865808
1.4853333333333334,141.34019174591032,0.12806248474865808
1.486,141.34019174591032,0.12806248474865808
1.4866666666666668,141.34019174591032,0.12806248474865808
1.4873333333333332,141.34019174591032,0.12806248474865808
1.488,141.34019174591032,0.12806248474865808
1.4886666666666666,141.34019174591032,0.12806248474865808
1.4893333333333334,141.34019174591032,0.12806248474865808
1.49,141.34019174591032,0.12806248474865808
1.4906666666666666,141.34019174591032,0.12806248474865808
1.4913333333333334,141.34019174591032,0.12806248474865808
1.492,141.34019174591032,0.12806248474865808
1.4926666666666668,141.34019174591032,0.12806248474865808
1.4933333333333332,141.34019174591032,0.12806248474865808
1.494,141.34019174591032,0.12806248474865808
1.4946666666666668,141.34019174591032,0.12806248474865808
1.4953333333333334,141.34019174591032,0.12806248474865808
1.496,141.34019174591032,0.12806248474865808
1.4966666666666666,141.34019174591032,0.12806248474865808
1.4973333333333334,141.34019174591032,0.12806248474865808
1.498,141.34019174591032,0.12806248474865808
1.4986666666666666,141.34019174591032,0.12806248474865808
1.4993333333333332,141.34019174591032,0.12806248474865808
1.5,-171.67434966957316,0.8287339742040267
1.5006666666666668,-171.67434966957316,0.8287339742040267
1.5013333333333334,-171.67434966957316,0.8287339742040267
1.502,-171.67434966957316,0.8287339742040267
1.5026666666666666,-171.67434966957316,0.8287339742040267
1.5033333333333334,-171.67434966957316,0.8287339742040267
1.504,-171.67434966957316,0.8287339742040267
1.5046666666666666,-171.67434966957316,0.8287339742040267
1.5053333333333332,-171.67434966957316,0.8287339742040267
1.506,-171.67434966957316,0.8287339742040267
1.5066666666666668,-171.67434966957316,0.8287339742040267
1.5073333333333332,-171.67434966957316,0.8287339742040267
1.508,-171.67434966957316,0.8287339742040267
1.5086666666666666,-171.67434966957316,0.8287339742040267
1.5093333333333334,-171.67434966957316,0.8287339742040267
1.51,-171.67434966957316,0.8287339742040267
1.5106666666666666,-171.67434966957316,0.8287339742040267
1.5113333333333334,-171.67434966957316,0.8287339742040267
1.512,-171.67434966957316,0.8287339742040267
1.5126666666666668,-171.67434966957316,0.8287339742040267
1.5133333333333332,-171.67434966957316,0.8287339742040267
1.514,-171.67434966957316,0.8287339742040267
1.5146666666666666,-171.67434966957316,0.8287339742040267
1.5153333333333334,-171.67434966957316,0.8287339742040267
1.5159999999999998,-171.67434966957316,0.8287339742040267
1.5166666666666666,-177.29937066260473,1.0611785900591875
1.5173333333333334,-177.29937066260473,1.0611785900591875
1.518,-177.29937066260473,1.0611785900591875
1.5186666666666668,-177.29937066260473,1.0611785900591875
1.5193333333333332,-177.29937066260473,1.0611785900591875
1.52,-177.29937066260473,1.0611785900591875
1.5206666666666666,-177.29937066260473,1.0611785900591875
1.5213333333333334,-177.29937066260473,1.0611785900591875
1.5219999999999998,-177.29937066260473,1.0611785900591875
1.5226666666666666,-177.29937066260473,1.0611785900591875
1.5233333333333334,-177.29937066260473,1.0611785900591875
1.524,-177.29937066260473,1.0611785900591875
1.5246666666666668,-177.29937066260473,1.0611785900591875
1.5253333333333332,-177.29937066260473,1.0611785900591875
1.526,-177.29937066260473,1.0611785900591875
1.5266666666666666,-177.29937066260473,1.0611785900591875
1.5273333333333334,-177.29937066260473,1.0611785900591875
1.528,-177.29937066260473,1.0611785900591875
1.5286666666666666,-177.29937066260473,1.0611785900591875
1.5293333333333334,-177.29937066260473,1.0611785900591875
1.53,-177.29937066260473,1.0611785900591875
1.5306666666666666,-177.29937066260473,1.0611785900591875
1.5313333333333332,-177.29937066260473,1.0611785900591875
1.532,-177.29937066260473,1.0611785900591875
1.5326666666666666,-177.29937066260473,1.0611785900591875
1.5333333333333334,160.31288380187408,1.157670073898428
1.534,160.31288380187408,1.157670073898428
1.5346666666666666,160.31288380187408,1.157670073898428
1.5353333333333334,160.31288380187408,1.157670073898428
1.536,160.31288380187408,1.157670073898428
1.5366666666666666,160.31288380187408,1.157670073898428
1.5373333333333332,160.31288380187408,1.157670073898428
1.538,160.31288380187408,1.157670073898428
1.5386666666666666,160.31288380187408,1.157670073898428
1.5393333333333332,160.31288380187408,1.157670073898428
1.54,160.31288380187408,1.157670073898428
1.5406666666666666,160.31288380187408,1.157670073898428
1.5413333333333334,160.31288380187408,1.157670073898428
1.542,160.31288380187408,1.157670073898428
1.5426666666666666,160.31288380187408,1.157670073898428
1.5433333333333332,160.31288380187408,1.157670073898428
1.544,160.31288380187408,1.157670073898428
1.5446666666666669,160.31288380187408,1.157670073898428
1.5453333333333332,160.31288380187408,1.157670073898428
1.546,160.31288380187408,1.157670073898428
1.5466666666666666,160.31288380187408,1.157670073898428
1.5473333333333334,160.31288380187408,1.157670073898428
1.5479999999999998,160.31288380187408,1.157670073898428
1.5486666666666666,160.31288380187408,1.157670073898428
1.5493333333333332,160.31288380187408,1.157670073898428
1.55,171.86989764584408,0.2121320343559651
1.5506666666666669,171.86989764584408,0.2121320343559651
1.5513333333333332,171.86989764584408,0.2121320343559651
1.552,171.86989764584408,0.2121320343559651
1.5526666666666666,171.86989764584408,0.2121320343559651
1.5533333333333335,171.86989764584408,0.2121320343559651
1.5539999999999998,171.86989764584408,0.2121320343559651
1.5546666666666666,171.86989764584408,0.2121320343559651
1.5553333333333332,171.86989764584408,0.2121320343559651
1.556,171.86989764584408,0.2121320343559651
1.5566666666666669,171.86989764584408,0.2121320343559651
1.5573333333333332,171.86989764584408,0.2121320343559651
1.558,171.86989764584408,0.2121320343559651
1.5586666666666666,171.86989764584408,0.2121320343559651
1.5593333333333335,171.86989764584408,0.2121320343559651
1.5599999999999998,171.86989764584408,0.2121320343559651
1.5606666666666666,171.86989764584408,0.2121320343559651
1.5613333333333335,171.86989764584408,0.2121320343559651
1.562,171.86989764584408,0.2121320343559651
1.5626666666666666,171.86989764584408,0.2121320343559651
1.5633333333333332,171.86989764584408,0.2121320343559651
1.564,171.86989764584408,0.2121320343559651
1.5646666666666667,171.86989764584408,0.2121320343559651
1.5653333333333335,171.86989764584408,0.2121320343559651
1.5659999999999998,171.86989764584408,0.2121320343559651
1.5666666666666667,-20.55604521958387,0.17088007490634743
1.5673333333333335,-20.55604521958387,0.17088007490634743
1.568,-20.55604521958387,0.17088007490634743
1.5686666666666667,-20.55604521958387,0.17088007490634743
1.5693333333333332,-20.55604521958387,0.17088007490634743
1.57,-20.55604521958387,0.17088007490634743
1.5706666666666667,-20.55604521958387,0.17088007490634743
1.5713333333333332,-20.55604521958387,0.17088007490634743
1.5719999999999998,-20.55604521958387,0.17088007490634743
1.5726666666666667,-20.55604521958387,0.17088007490634743
1.5733333333333335,-20.55604521958387,0.17088007490634743
1.574,-20.55604521958387,0.17088007490634743
1.5746666666666667,-20.55604521958387,0.17088007490634743
1.5753333333333333,-20.55604521958387,0.17088007490634743
1.576,-20.55604521958387,0.17088007490634743
1.5766666666666667,-20.55604521958387,0.17088007490634743
1.5773333333333333,-20.55604521958387,0.17088007490634743
1.578,-20.55604521958387,0.17088007490634743
1.5786666666666667,-20.55604521958387,0.17088007490634743
1.5793333333333335,-20.55604521958387,0.17088007490634743
1.5799999999999998,-20.55604521958387,0.17088007490634743
1.5806666666666667,-20.55604521958387,0.17088007490634743
1.5813333333333333,-20.55604521958387,0.17088007490634743
1.582,-20.55604521958387,0.17088007490634743
1.5826666666666667,-20.55604521958387,0.17088007490634743
1.5833333333333333,-7.266954405811681,1.5020652449211405
1.584,-7.266954405811681,1.5020652449211405
1.5846666666666667,-7.266954405811681,1.5020652449211405
1.5853333333333335,-7.266954405811681,1.5020652449211405
1.5859999999999999,-7.266954405811681,1.5020652449211405
1.5866666666666667,-7.266954405811681,1.5020652449211405
1.5873333333333333,-7.266954405811681,1.5020652449211405
1.588,-7.266954405811681,1.5020652449211405
1.5886666666666664,-7.266954405811681,1.5020652449211405
1.5893333333333333,-7.266954405811681,1.5020652449211405
1.59,-7.266954405811681,1.5020652449211405
1.5906666666666667,-7.266954405811681,1.5020652449211405
1.5913333333333335,-7.266954405811681,1.5020652449211405
1.5919999999999999,-7.266954405811681,1.5020652449211405
1.5926666666666667,-7.266954405811681,1.5020652449211405
1.5933333333333333,-7.266954405811681,1.5020652449211405
1.594,-7.266954405811681,1.5020652449211405
1.5946666666666667,-7.266954405811681,1.5020652449211405
1.5953333333333333,-7.266954405811681,1.5020652449211405
1.596,-7.266954405811681,1.5020652449211405
1.5966666666666667,-7.266954405811681,1.5020652449211405
1.5973333333333335,-7.266954405811681,1.5020652449211405
1.5979999999999999,-7.266954405811681,1.5020652449211405
1.5986666666666667,-7.266954405811681,1.5020652449211405
1.5993333333333333,-7.266954405811681,1.5020652449211405
1.6,10.12467165539786,0.8532877591996698
1.6006666666666667,10.12467165539786,0.8532877591996698
1.6013333333333333,10.12467165539786,0.8532877591996698
1.602,10.12467165539786,0.8532877591996698
1.6026666666666667,10.12467165539786,0.8532877591996698
1.6033333333333333,10.12467165539786,0.8532877591996698
1.6039999999999999,10.12467165539786,0.8532877591996698
1.6046666666666667,10.12467165539786,0.8532877591996698
1.6053333333333333,10.12467165539786,0.8532877591996698
1.606,10.12467165539786,0.8532877591996698
1.6066666666666667,10.12467165539786,0.8532877591996698
1.6073333333333333,10.12467165539786,0.8532877591996698
1.608,10.12467165539786,0.8532877591996698
1.6086666666666667,10.12467165539786,0.8532877591996698
1.6093333333333333,10.12467165539786,0.8532877591996698
1.6099999999999999,10.12467165539786,0.8532877591996698
1.6106666666666667,10.12467165539786,0.8532877591996698
1.6113333333333335,10.12467165539786,0.8532877591996698
1.6119999999999999,10.12467165539786,0.8532877591996698
1.6126666666666667,10.12467165539786,0.8532877591996698
1.6133333333333333,10.12467165539786,0.8532877591996698
1.614,10.12467165539786,0.8532877591996698
1.6146666666666667,10.12467165539786,0.8532877591996698
1.6153333333333333,10.12467165539786,0.8532877591996698
1.6159999999999999,10.12467165539786,0.8532877591996698
1.6166666666666667,23.198590513648107,0.5331041174104754
1.6173333333333335,23.198590513648107,0.5331041174104754
1.6179999999999999,23.198590513648107,0.5331041174104754
1.6186666666666667,23.198590513648107,0.5331041174104754
1.6193333333333333,23.198590513648107,0.5331041174104754
1.62,23.198590513648107,0.5331041174104754
1.6206666666666665,23.198590513648107,0.5331041174104754
1.6213333333333333,23.198590513648107,0.5331041174104754
1.6219999999999999,23.198590513648107,0.5331041174104754
1.6226666666666667,23.198590513648107,0.5331041174104754
1.6233333333333335,23.198590513648107,0.5331041174104754
1.6239999999999999,23.198590513648107,0.5331041174104754
1.6246666666666667,23.198590513648107,0.5331041174104754
1.6253333333333333,23.198590513648107,0.5331041174104754
1.6260000000000001,23.198590513648107,0.5331041174104754
1.6266666666666665,23.198590513648107,0.5331041174104754
1.6273333333333333,23.198590513648107,0.5331041174104754
1.6280000000000001,23.198590513648107,0.5331041174104754
1.6286666666666667,23.198590513648107,0.5331041174104754
1.6293333333333335,23.198590513648107,0.5331041174104754
1.63,23.198590513648107,0.5331041174104754
1.6306666666666667,23.198590513648107,0.5331041174104754
1.6313333333333333,23.198590513648107,0.5331041174104754
1.6320000000000001,23.198590513648107,0.5331041174104754
1.6326666666666665,23.198590513648107,0.5331041174104754
1.6333333333333333,-43.60281897270351,0.29000000000000065
1.6340000000000001,-43.60281897270351,0.29000000000000065
1.6346666666666667,-43.60281897270351,0.29000000000000065
1.6353333333333333,-43.60281897270351,0.29000000000000065
1.636,-43.60281897270351,0.29000000000000065
1.6366666666666667,-43.60281897270351,0.29000000000000065
1.6373333333333333,-43.60281897270351,0.29000000000000065
1.6380000000000001,-43.60281897270351,0.29000000000000065
1.6386666666666665,-43.60281897270351,0.29000000000000065
1.6393333333333333,-43.60281897270351,0.29000000000000065
1.6400000000000001,-43.60281897270351,0.29000000000000065
1.6406666666666667,-43.60281897270351,0.29000000000000065
1.6413333333333333,-43.60281897270351,0.29000000000000065
1.642,-43.60281897270351,0.29000000000000065
1.6426666666666667,-43.60281897270351,0.29000000000000065
1.6433333333333333,-43.60281897270351,0.29000000000000065
1.644,-43.60281897270351,0.29000000000000065
1.6446666666666667,-43.60281897270351,0.29000000000000065
1.6453333333333333,-43.60281897270351,0.29000000000000065
1.6460000000000001,-43.60281897270351,0.29000000000000065
1.6466666666666667,-43.60281897270351,0.29000000000000065
1.6473333333333333,-43.60281897270351,0.29000000000000065
1.648,-43.60281897270351,0.29000000000000065
1.6486666666666667,-43.60281897270351,0.29000000000000065
1.6493333333333333,-43.60281897270351,0.29000000000000065
1.65,159.4439547804167,0.2563201123595278
1.6506666666666667,159.4439547804167,0.2563201123595278
1.6513333333333333,159.4439547804167,0.2563201123595278
1.6520000000000001,159.4439547804167,0.2563201123595278
1.6526666666666665,159.4439547804167,0.2563201123595278
1.6533333333333333,159.4439547804167,0.2563201123595278
1.654,159.4439547804167,0.2563201123595278
1.6546666666666667,159.4439547804167,0.2563201123595278
1.6553333333333333,159.4439547804167,0.2563201123595278
1.656,159.4439547804167,0.2563201123595278
1.6566666666666667,159.4439547804167,0.2563201123595278
1.6573333333333333,159.4439547804167,0.2563201123595278
1.6580000000000001,159.4439547804167,0.2563201123595278
1.6586666666666665,159.4439547804167,0.2563201123595278
1.6593333333333333,159.4439547804167,0.2563201123595278
1.66,159.4439547804167,0.2563201123595278
1.6606666666666667,159.4439547804167,0.2563201123595278
1.6613333333333336,159.4439547804167,0.2563201123595278
1.662,159.4439547804167,0.2563201123595278
1.6626666666666667,159.4439547804167,0.2563201123595278
1.6633333333333333,159.4439547804167,0.2563201123595278
1.6640000000000001,159.4439547804167,0.2563201123595278
1.6646666666666665,159.4439547804167,0.2563201123595278
1.6653333333333333,159.4439547804167,0.2563201123595278
1.666,159.4439547804167,0.2563201123595278
1.6666666666666667,-100.30484646876582,0.2236067977499788
1.6673333333333333,-100.30484646876582,0.2236067977499788
1.668,-100.30484646876582,0.2236067977499788
1.6686666666666667,-100.30484646876582,0.2236067977499788
1.6693333333333333,-100.30484646876582,0.2236067977499788
1.6700000000000002,-100.30484646876582,0.2236067977499788
1.6706666666666665,-100.30484646876582,0.2236067977499788
1.6713333333333333,-100.30484646876582,0.2236067977499788
1.672,-100.30484646876582,0.2236067977499788
1.6726666666666667,-100.30484646876582,0.2236067977499788
1.6733333333333333,-100.30484646876582,0.2236067977499788
1.674,-100.30484646876582,0.2236067977499788
1.6746666666666667,-100.30484646876582,0.2236067977499788
1.6753333333333333,-100.30484646876582,0.2236067977499788
1.676,-100.30484646876582,0.2236067977499788
1.6766666666666665,-100.30484646876582,0.2236067977499788
1.6773333333333333,-100.30484646876582,0.2236067977499788
1.6780000000000002,-100.30484646876582,0.2236067977499788
1.6786666666666668,-100.30484646876582,0.2236067977499788
1.6793333333333333,-100.30484646876582,0.2236067977499788
1.68,-100.30484646876582,0.2236067977499788
1.6806666666666668,-100.30484646876582,0.2236067977499788
1.6813333333333333,-100.30484646876582,0.2236067977499788
1.682,-100.30484646876582,0.2236067977499788
1.6826666666666665,-100.30484646876582,0.2236067977499788
1.6833333333333333,-13.495733280795811,0.2570992026436488
1.6840000000000002,-13.495733280795811,0.2570992026436488
1.6846666666666665,-13.495733280795811,0.2570992026436488
1.6853333333333333,-13.495733280795811,0.2570992026436488
1.686,-13.495733280795811,0.2570992026436488
1.6866666666666668,-13.495733280795811,0.2570992026436488
1.6873333333333334,-13.495733280795811,0.2570992026436488
1.688,-13.495733280795811,0.2570992026436488
1.6886666666666665,-13.495733280795811,0.2570992026436488
1.6893333333333334,-13.495733280795811,0.2570992026436488
1.6900000000000002,-13.495733280795811,0.2570992026436488
1.6906666666666665,-13.495733280795811,0.2570992026436488
1.6913333333333334,-13.495733280795811,0.2570992026436488
1.692,-13.495733280795811,0.2570992026436488
1.6926666666666668,-13.495733280795811,0.2570992026436488
1.6933333333333331,-13.495733280795811,0.2570992026436488
1.694,-13.495733280795811,0.2570992026436488
1.6946666666666668,-13.495733280795811,0.2570992026436488
1.6953333333333334,-13.495733280795811,0.2570992026436488
1.6960000000000002,-13.495733280795811,0.2570992026436488
1.6966666666666665,-13.495733280795811,0.2570992026436488
1.6973333333333334,-13.495733280795811,0.2570992026436488
1.698,-13.495733280795811,0.2570992026436488
1.6986666666666668,-13.495733280795811,0.2570992026436488
1.6993333333333331,-13.495733280795811,0.2570992026436488
1.7,112.93210043758968,0.28231188426986187
1.7006666666666668,112.93210043758968,0.28231188426986187
1.7013333333333334,112.93210043758968,0.28231188426986187
1.7020000000000002,112.93210043758968,0.28231188426986187
1.7026666666666666,112.93210043758968,0.28231188426986187
1.7033333333333334,112.93210043758968,0.28231188426986187
1.704,112.93210043758968,0.28231188426986187
1.7046666666666668,112.93210043758968,0.28231188426986187
1.7053333333333331,112.93210043758968,0.28231188426986187
1.706,112.93210043758968,0.28231188426986187
1.7066666666666668,112.93210043758968,0.28231188426986187
1.7073333333333334,112.93210043758968,0.28231188426986187
1.708,112.93210043758968,0.28231188426986187
1.7086666666666666,112.93210043758968,0.28231188426986187
1.7093333333333334,112.93210043758968,0.28231188426986187
1.71,112.93210043758968,0.28231188426986187
1.7106666666666668,112.93210043758968,0.28231188426986187
1.7113333333333334,112.93210043758968,0.28231188426986187
1.712,112.93210043758968,0.28231188426986187
1.7126666666666668,112.93210043758968,0.28231188426986187
1.7133333333333334,112.93210043758968,0.28231188426986187
1.714,112.93210043758968,0.28231188426986187
1.7146666666666666,112.93210043758968,0.28231188426986187
1.7153333333333334,112.93210043758968,0.28231188426986187
1.716,112.93210043758968,0.28231188426986187
1.7166666666666666,-45.00000000000005,0.25455844122715693
1.7173333333333334,-45.00000000000005,0.25455844122715693
1.718,-45.00000000000005,0.25455844122715693
1.7186666666666668,-45.00000000000005,0.25455844122715693
1.7193333333333334,-45.00000000000005,0.25455844122715693
1.72,-45.00000000000005,0.25455844122715693
1.7206666666666666,-45.00000000000005,0.25455844122715693
1.7213333333333334,-45.00000000000005,0.25455844122715693
1.722,-45.00000000000005,0.25455844122715693
1.7226666666666666,-45.00000000000005,0.25455844122715693
1.7233333333333334,-45.00000000000005,0.25455844122715693
1.724,-45.00000000000005,0.25455844122715693
1.7246666666666668,-45.00000000000005,0.25455844122715693
1.7253333333333332,-45.00000000000005,0.25455844122715693
1.726,-45.00000000000005,0.25455844122715693
1.7266666666666666,-45.00000000000005,0.25455844122715693
1.7273333333333334,-45.00000000000005,0.25455844122715693
1.7280000000000002,-45.00000000000005,0.25455844122715693
1.7286666666666666,-45.00000000000005,0.25455844122715693
1.7293333333333334,-45.00000000000005,0.25455844122715693
1.73,-45.00000000000005,0.25455844122715693
1.7306666666666668,-45.00000000000005,0.25455844122715693
1.7313333333333332,-45.00000000000005,0.25455844122715693
1.732,-45.00000000000005,0.25455844122715693
1.7326666666666666,-45.00000000000005,0.25455844122715693
1.7333333333333334,124.50852298766829,0.19416487838947566
1.7340000000000002,124.50852298766829,0.19416487838947566
1.7346666666666666,124.50852298766829,0.19416487838947566
1.7353333333333334,124.50852298766829,0.19416487838947566
1.736,124.50852298766829,0.19416487838947566
1.7366666666666668,124.50852298766829,0.19416487838947566
1.7373333333333332,124.50852298766829,0.19416487838947566
1.738,124.50852298766829,0.19416487838947566
1.7386666666666666,124.50852298766829,0.19416487838947566
1.7393333333333334,124.50852298766829,0.19416487838947566
1.74,124.50852298766829,0.19416487838947566
1.7406666666666666,124.50852298766829,0.19416487838947566
1.7413333333333334,124.50852298766829,0.19416487838947566
1.742,124.50852298766829,0.19416487838947566
1.7426666666666668,124.50852298766829,0.19416487838947566
1.7433333333333332,124.50852298766829,0.19416487838947566
1.744,124.50852298766829,0.19416487838947566
1.7446666666666668,124.50852298766829,0.19416487838947566
1.7453333333333334,124.50852298766829,0.19416487838947566
1.746,124.50852298766829,0.19416487838947566
1.7466666666666666,124.50852298766829,0.19416487838947566
1.7473333333333334,124.50852298766829,0.19416487838947566
1.748,124.50852298766829,0.19416487838947566
1.7486666666666666,124.50852298766829,0.19416487838947566
1.7493333333333332,124.50852298766829,0.19416487838947566
1.75,-130.23635830927367,0.17029386365926366
1.7506666666666668,-130.23635830927367,0.17029386365926366
1.7513333333333334,-130.23635830927367,0.17029386365926366
1.752,-130.23635830927367,0.17029386365926366
1.7526666666666666,-130.23635830927367,0.17029386365926366
1.7533333333333334,-130.23635830927367,0.17029386365926366
1.754,-130.23635830927367,0.17029386365926366
1.7546666666666666,-130.23635830927367,0.17029386365926366
1.7553333333333332,-130.23635830927367,0.17029386365926366
1.756,-130.23635830927367,0.17029386365926366
1.7566666666666668,-130.23635830927367,0.17029386365926366
1.7573333333333332,-130.23635830927367,0.17029386365926366
1.758,-130.23635830927367,0.17029386365926366
1.7586666666666666,-130.23635830927367,0.17029386365926366
1.7593333333333334,-130.23635830927367,0.17029386365926366
1.76,-130.23635830927367,0.17029386365926366
1.7606666666666666,-130.23635830927367,0.17029386365926366
1.7613333333333334,-130.23635830927367,0.17029386365926366
1.762,-130.23635830927367,0.17029386365926366
1.7626666666666668,-130.23635830927367,0.17029386365926366
1.7633333333333332,-130.23635830927367,0.17029386365926366
1.764,-130.23635830927367,0.17029386365926366
1.7646666666666666,-130.23635830927367,0.17029386365926366
1.7653333333333334,-130.23635830927367,0.17029386365926366
1.7659999999999998,-130.23635830927367,0.17029386365926366
1.7666666666666666,-128.99099404250575,0.270185121722127
1.7673333333333334,-128.99099404250575,0.270185121722127
1.768,-128.99099404250575,0.270185121722127
1.7686666666666668,-128.99099404250575,0.270185121722127
1.7693333333333332,-128.99099404250575,0.270185121722127
1.77,-128.99099404250575,0.270185121722127
1.7706666666666666,-128.99099404250575,0.270185121722127
1.7713333333333334,-128.99099404250575,0.270185121722127
1.7719999999999998,-128.99099404250575,0.270185121722127
1.7726666666666666,-128.99099404250575,0.270185121722127
1.7733333333333334,-128.99099404250575,0.270185121722127
1.774,-128.99099404250575,0.270185121722127
1.7746666666666668,-128.99099404250575,0.270185121722127
1.7753333333333332,-128.99099404250575,0.270185121722127
1.776,-128.99099404250575,0.270185121722127
1.7766666666666666,-128.99099404250575,0.270185121722127
1.7773333333333334,-128.99099404250575,0.270185121722127
1.778,-128.99099404250575,0.270185121722127
1.7786666666666666,-128.99099404250575,0.270185121722127
1.7793333333333334,-128.99099404250575,0.270185121722127
1.78,-128.99099404250575,0.270185121722127
1.7806666666666666,-128.99099404250575,0.270185121722127
1.7813333333333332,-128.99099404250575,0.270185121722127
1.782,-128.99099404250575,0.270185121722127
1.7826666666666666,-128.99099404250575,0.270185121722127
1.7833333333333334,-15.376251248826241,0.41484937025382945
1.784,-15.376251248826241,0.41484937025382945
1.7846666666666666,-15.376251248826241,0.41484937025382945
1.7853333333333334,-15.376251248826241,0.41484937025382945
1.786,-15.376251248826241,0.41484937025382945
1.7866666666666666,-15.376251248826241,0.41484937025382945
1.7873333333333332,-15.376251248826241,0.41484937025382945
1.788,-15.376251248826241,0.41484937025382945
1.7886666666666666,-15.376251248826241,0.41484937025382945
1.7893333333333332,-15.376251248826241,0.41484937025382945
1.79,-15.376251248826241,0.41484937025382945
1.7906666666666666,-15.376251248826241,0.41484937025382945
1.7913333333333334,-15.376251248826241,0.41484937025382945
1.792,-15.376251248826241,0.41484937025382945
1.7926666666666666,-15.376251248826241,0.41484937025382945
1.7933333333333332,-15.376251248826241,0.41484937025382945
1.794,-15.376251248826241,0.41484937025382945
1.7946666666666669,-15.376251248826241,0.41484937025382945
1.7953333333333332,-15.376251248826241,0.41484937025382945
1.796,-15.376251248826241,0.41484937025382945
1.7966666666666666,-15.376251248826241,0.41484937025382945
1.7973333333333334,-15.376251248826241,0.41484937025382945
1.7979999999999998,-15.376251248826241,0.41484937025382945
1.7986666666666666,-15.376251248826241,0.41484937025382945
1.7993333333333332,-15.376251248826241,0.41484937025382945
1.8,21.44773632710527,0.9024965373894825
1.8006666666666669,21.44773632710527,0.9024965373894825
1.8013333333333332,21.44773632710527,0.9024965373894825
1.802,21.44773632710527,0.9024965373894825
1.8026666666666666,21.44773632710527,0.9024965373894825
1.8033333333333335,21.44773632710527,0.9024965373894825
1.8039999999999998,21.44773632710527,0.9024965373894825
1.8046666666666666,21.44773632710527,0.9024965373894825
1.8053333333333332,21.44773632710527,0.9024965373894825
1.806,21.44773632710527,0.9024965373894825
1.8066666666666669,21.44773632710527,0.9024965373894825
1.8073333333333332,21.44773632710527,0.9024965373894825
1.808,21.44773632710527,0.9024965373894825
1.8086666666666666,21.44773632710527,0.9024965373894825
1.8093333333333335,21.44773632710527,0.9024965373894825
1.8099999999999998,21.44773632710527,0.9024965373894825
1.8106666666666666,21.44773632710527,0.9024965373894825
1.8113333333333335,21.44773632710527,0.9024965373894825
1.812,21.44773632710527,0.9024965373894825
1.8126666666666666,21.44773632710527,0.9024965373894825
1.8133333333333332,21.44773632710527,0.9024965373894825
1.814,21.44773632710527,0.9024965373894825
1.8146666666666667,21.44773632710527,0.9024965373894825
1.8153333333333335,21.44773632710527,0.9024965373894825
1.8159999999999998,21.44773632710527,0.9024965373894825
1.8166666666666667,-132.7974018382342,0.36796738985948196
1.8173333333333335,-132.7974018382342,0.36796738985948196
1.818,-132.7974018382342,0.36796738985948196
1.8186666666666667,-132.7974018382342,0.36796738985948196
1.8193333333333332,-132.7974018382342,0.36796738985948196
1.82,-132.7974018382342,0.36796738985948196
1.8206666666666667,-132.7974018382342,0.36796738985948196
1.8213333333333332,-132.7974018382342,0.36796738985948196
1.8219999999999998,-132.7974018382342,0.36796738985948196
1.8226666666666667,-132.7974018382342,0.36796738985948196
1.8233333333333335,-132.7974018382342,0.36796738985948196
1.824,-132.7974018382342,0.36796738985948196
1.8246666666666667,-132.7974018382342,0.36796738985948196
1.8253333333333333,-132.7974018382342,0.36796738985948196
1.826,-132.7974018382342,0.36796738985948196
1.8266666666666667,-132.7974018382342,0.36796738985948196
1.8273333333333333,-132.7974018382342,0.36796738985948196
1.828,-132.7974018382342,0.36796738985948196
1.8286666666666667,-132.7974018382342,0.36796738985948196
1.8293333333333335,-132.7974018382342,0.36796738985948196
1.8299999999999998,-132.7974018382342,0.36796738985948196
1.8306666666666667,-132.7974018382342,0.36796738985948196
1.8313333333333333,-132.7974018382342,0.36796738985948196
1.832,-132.7974018382342,0.36796738985948196
1.8326666666666667,-132.7974018382342,0.36796738985948196
1.8333333333333333,-151.9661481085363,0.8723531395025783
1.834,-151.9661481085363,0.8723531395025783
1.8346666666666667,-151.9661481085363,0.8723531395025783
1.8353333333333335,-151.9661481085363,0.8723531395025783
1.8359999999999999,-151.9661481085363,0.8723531395025783
1.8366666666666667,-151.9661481085363,0.8723531395025783
1.8373333333333333,-151.9661481085363,0.8723531395025783
1.838,-151.9661481085363,0.8723531395025783
1.8386666666666664,-151.9661481085363,0.8723531395025783
1.8393333333333333,-151.9661481085363,0.8723531395025783
1.84,-151.9661481085363,0.8723531395025783
1.8406666666666667,-151.9661481085363,0.8723531395025783
1.8413333333333335,-151.9661481085363,0.8723531395025783
1.8419999999999999,-151.9661481085363,0.8723531395025783
1.8426666666666667,-151.9661481085363,0.8723531395025783
1.8433333333333333,-151.9661481085363,0.8723531395025783
1.844,-151.9661481085363,0.8723531395025783
1.8446666666666667,-151.9661481085363,0.8723531395025783
1.8453333333333333,-151.9661481085363,0.8723531395025783
1.846,-151.9661481085363,0.8723531395025783
1.8466666666666667,-151.9661481085363,0.8723531395025783
1.8473333333333335,-151.9661481085363,0.8723531395025783
1.8479999999999999,-151.9661481085363,0.8723531395025783
1.8486666666666667,-151.9661481085363,0.8723531395025783
1.8493333333333333,-151.9661481085363,0.8723531395025783
1.85,-142.01650174472277,0.9261749294814644
1.8506666666666667,-142.01650174472277,0.9261749294814644
1.8513333333333333,-142.01650174472277,0.9261749294814644
1.852,-142.01650174472277,0.9261749294814644
1.8526666666666667,-142.01650174472277,0.9261749294814644
1.8533333333333333,-142.01650174472277,0.9261749294814644
1.8539999999999999,-142.01650174472277,0.9261749294814644
1.8546666666666667,-142.01650174472277,0.9261749294814644
1.8553333333333333,-142.01650174472277,0.9261749294814644
1.856,-142.01650174472277,0.9261749294814644
1.8566666666666667,-142.01650174472277,0.9261749294814644
1.8573333333333333,-142.01650174472277,0.9261749294814644
1.858,-142.01650174472277,0.9261749294814644
1.8586666666666667,-142.01650174472277,0.9261749294814644
1.8593333333333333,-142.01650174472277,0.9261749294814644
1.8599999999999999,-142.01650174472277,0.9261749294814644
1.8606666666666667,-142.01650174472277,0.9261749294814644
1.8613333333333335,-142.01650174472277,0.9261749294814644
1.8619999999999999,-142.01650174472277,0.9261749294814644
1.8626666666666667,-142.01650174472277,0.9261749294814644
1.8633333333333333,-142.01650174472277,0.9261749294814644
1.864,-142.01650174472277,0.9261749294814644
1.8646666666666667,-142.01650174472277,0.9261749294814644
1.8653333333333333,-142.01650174472277,0.9261749294814644
1.8659999999999999,-142.01650174472277,0.9261749294814644
1.8666666666666667,-113.74949449286666,0.8193900170248591
1.8673333333333335,-113.74949449286666,0.8193900170248591
1.8679999999999999,-113.74949449286666,0.8193900170248591
1.8686666666666667,-113.74949449286666,0.8193900170248591
1.8693333333333333,-113.74949449286666,0.8193900170248591
1.87,-113.74949449286666,0.8193900170248591
1.8706666666666665,-113.74949449286666,0.8193900170248591
1.8713333333333333,-113.74949449286666,0.8193900170248591
1.8719999999999999,-113.74949449286666,0.8193900170248591
1.8726666666666667,-113.74949449286666,0.8193900170248591
1.8733333333333335,-113.74949449286666,0.8193900170248591
1.8739999999999999,-113.74949449286666,0.8193900170248591
1.8746666666666667,-113.74949449286666,0.8193900170248591
1.8753333333333333,-113.74949449286666,0.8193900170248591
1.8760000000000001,-113.74949449286666,0.8193900170248591
1.8766666666666665,-113.74949449286666,0.8193900170248591
1.8773333333333333,-113.74949449286666,0.8193900170248591
1.8780000000000001,-113.74949449286666,0.8193900170248591
1.8786666666666667,-113.74949449286666,0.8193900170248591
1.8793333333333335,-113.74949449286666,0.8193900170248591
1.88,-113.74949449286666,0.8193900170248591
1.8806666666666667,-113.74949449286666,0.8193900170248591
1.8813333333333333,-113.74949449286666,0.8193900170248591
1.8820000000000001,-113.74949449286666,0.8193900170248591
1.8826666666666665,-113.74949449286666,0.8193900170248591
1.8833333333333333,68.19859051365215,0.05385164807134361
1.8840000000000001,68.19859051365215,0.05385164807134361
1.8846666666666667,68.19859051365215,0.05385164807134361
1.8853333333333333,68.19859051365215,0.05385164807134361
1.886,68.19859051365215,0.05385164807134361
1.8866666666666667,68.19859051365215,0.05385164807134361
1.8873333333333333,68.19859051365215,0.05385164807134361
1.8880000000000001,68.19859051365215,0.05385164807134361
1.8886666666666665,68.19859051365215,0.05385164807134361
1.8893333333333333,68.19859051365215,0.05385164807134361
1.8900000000000001,68.19859051365215,0.05385164807134361
1.8906666666666667,68.19859051365215,0.05385164807134361
1.8913333333333333,68.19859051365215,0.05385164807134361
1.892,68.19859051365215,0.05385164807134361
1.8926666666666667,68.19859051365215,0.05385164807134361
1.8933333333333333,68.19859051365215,0.05385164807134361
1.894,68.19859051365215,0.05385164807134361
1.8946666666666667,68.19859051365215,0.05385164807134361
1.8953333333333333,68.19859051365215,0.05385164807134361
1.8960000000000001,68.19859051365215,0.05385164807134361
1.8966666666666667,68.19859051365215,0.05385164807134361
1.8973333333333333,68.19859051365215,0.05385164807134361
1.898,68.19859051365215,0.05385164807134361
1.8986666666666667,68.19859051365215,0.05385164807134361
1.8993333333333333,68.19859051365215,0.05385164807134361
1.9,118.97970769792875,0.7430343195303966
1.9006666666666667,118.97970769792875,0.7430343195303966
1.9013333333333333,118.97970769792875,0.7430343195303966
1.9020000000000001,118.97970769792875,0.7430343195303966
1.9026666666666665,118.97970769792875,0.7430343195303966
1.9033333333333333,118.97970769792875,0.7430343195303966
1.904,118.97970769792875,0.7430343195303966
1.9046666666666667,118.97970769792875,0.7430343195303966
1.9053333333333333,118.97970769792875,0.7430343195303966
1.906,118.97970769792875,0.7430343195303966
1.9066666666666667,118.97970769792875,0.7430343195303966
1.9073333333333333,118.97970769792875,0.7430343195303966
1.9080000000000001,118.97970769792875,0.7430343195303966
1.9086666666666665,118.97970769792875,0.7430343195303966
1.9093333333333333,118.97970769792875,0.7430343195303966
1.91,118.97970769792875,0.7430343195303966
1.9106666666666667,118.97970769792875,0.7430343195303966
1.9113333333333336,118.97970769792875,0.7430343195303966
1.912,118.97970769792875,0.7430343195303966
1.9126666666666667,118.97970769792875,0.7430343195303966
1.9133333333333333,118.97970769792875,0.7430343195303966
1.9140000000000001,118.97970769792875,0.7430343195303966
1.9146666666666665,118.97970769792875,0.7430343195303966
1.9153333333333333,118.97970769792875,0.7430343195303966
1.916,118.97970769792875,0.7430343195303966
1.9166666666666667,-49.484606009544684,0.723463889907436
1.9173333333333333,-49.484606009544684,0.723463889907436
1.918,-49.484606009544684,0.723463889907436
1.9186666666666667,-49.484606009544684,0.723463889907436
1.9193333333333333,-49.484606009544684,0.723463889907436
1.9200000000000002,-49.484606009544684,0.723463889907436
1.9206666666666665,-49.484606009544684,0.723463889907436
1.9213333333333333,-49.484606009544684,0.723463889907436
1.922,-49.484606009544684,0.723463889907436
1.9226666666666667,-49.484606009544684,0.723463889907436
1.9233333333333333,-49.484606009544684,0.723463889907436
1.924,-49.484606009544684,0.723463889907436
1.9246666666666667,-49.484606009544684,0.723463889907436
1.9253333333333333,-49.484606009544684,0.723463889907436
1.926,-49.484606009544684,0.723463889907436
1.9266666666666665,-49.484606009544684,0.723463889907436
1.9273333333333333,-49.484606009544684,0.723463889907436
1.9280000000000002,-49.484606009544684,0.723463889907436
1.9286666666666668,-49.484606009544684,0.723463889907436
1.9293333333333333,-49.484606009544684,0.723463889907436
1.93,-49.484606009544684,0.723463889907436
1.9306666666666668,-49.484606009544684,0.723463889907436
1.9313333333333333,-49.484606009544684,0.723463889907436
1.932,-49.484606009544684,0.723463889907436
1.9326666666666665,-49.484606009544684,0.723463889907436
1.9333333333333333,-61.38954033403444,0.6264982043070855
1.9340000000000002,-61.38954033403444,0.6264982043070855
1.9346666666666665,-61.38954033403444,0.6264982043070855
1.9353333333333333,-61.38954033403444,0.6264982043070855
1.936,-61.38954033403444,0.6264982043070855
1.9366666666666668,-61.38954033403444,0.6264982043070855
1.9373333333333334,-61.38954033403444,0.6264982043070855
1.938,-61.38954033403444,0.6264982043070855
1.9386666666666665,-61.38954033403444,0.6264982043070855
1.9393333333333334,-61.38954033403444,0.6264982043070855
1.9400000000000002,-61.38954033403444,0.6264982043070855
1.9406666666666665,-61.38954033403444,0.6264982043070855
1.9413333333333334,-61.38954033403444,0.6264982043070855
1.942,-61.38954033403444,0.6264982043070855
1.9426666666666668,-61.38954033403444,0.6264982043070855
1.9433333333333331,-61.38954033403444,0.6264982043070855
1.944,-61.38954033403444,0.6264982043070855
1.9446666666666668,-61.38954033403444,0.6264982043070855
1.9453333333333334,-61.38954033403444,0.6264982043070855
1.9460000000000002,-61.38954033403444,0.6264982043070855
1.9466666666666665,-61.38954033403444,0.6264982043070855
1.9473333333333334,-61.38954033403444,0.6264982043070855
1.948,-61.38954033403444,0.6264982043070855
1.9486666666666668,-61.38954033403444,0.6264982043070855
1.9493333333333331,-61.38954033403444,0.6264982043070855
1.95,96.07245640720822,0.4726520919238594
1.9506666666666668,96.07245640720822,0.4726520919238594
1.9513333333333334,96.07245640720822,0.4726520919238594
1.9520000000000002,96.07245640720822,0.4726520919238594
1.9526666666666666,96.07245640720822,0.4726520919238594
1.9533333333333334,96.07245640720822,0.4726520919238594
1.954,96.07245640720822,0.4726520919238594
1.9546666666666668,96.07245640720822,0.4726520919238594
1.9553333333333331,96.07245640720822,0.4726520919238594
1.956,96.07245640720822,0.4726520919238594
1.9566666666666668,96.07245640720822,0.4726520919238594
1.9573333333333334,96.07245640720822,0.4726520919238594
1.958,96.07245640720822,0.4726520919238594
1.9586666666666666,96.07245640720822,0.4726520919238594
1.9593333333333334,96.07245640720822,0.4726520919238594
1.96,96.07245640720822,0.4726520919238594
1.9606666666666668,96.07245640720822,0.4726520919238594
1.9613333333333334,96.07245640720822,0.4726520919238594
1.962,96.07245640720822,0.4726520919238594
1.9626666666666668,96.07245640720822,0.4726520919238594
1.9633333333333334,96.07245640720822,0.4726520919238594
1.964,96.07245640720822,0.4726520919238594
1.9646666666666666,96.07245640720822,0.4726520919238594
1.9653333333333334,96.07245640720822,0.4726520919238594
1.966,96.07245640720822,0.4726520919238594
1.9666666666666666,110.77225468204573,1.2406449935416652
1.9673333333333334,110.77225468204573,1.2406449935416652
1.968,110.77225468204573,1.2406449935416652
1.9686666666666668,110.77225468204573,1.2406449935416652
1.9693333333333334,110.77225468204573,1.2406449935416652
1.97,110.77225468204573,1.2406449935416652
1.9706666666666666,110.77225468204573,1.2406449935416652
1.9713333333333334,110.77225468204573,1.2406449935416652
1.972,110.77225468204573,1.2406449935416652
1.9726666666666666,110.77225468204573,1.2406449935416652
1.9733333333333334,110.77225468204573,1.2406449935416652
1.974,110.77225468204573,1.2406449935416652
1.9746666666666668,110.77225468204573,1.2406449935416652
1.9753333333333332,110.77225468204573,1.2406449935416652
1.976,110.77225468204573,1.2406449935416652
1.9766666666666666,110.77225468204573,1.2406449935416652
1.9773333333333334,110.77225468204573,1.2406449935416652
1.9780000000000002,110.77225468204573,1.2406449935416652
1.9786666666666666,110.77225468204573,1.2406449935416652
1.9793333333333334,110.77225468204573,1.2406449935416652
1.98,110.77225468204573,1.2406449935416652
1.9806666666666668,110.77225468204573,1.2406449935416652
1.9813333333333332,110.77225468204573,1.2406449935416652
1.982,110.77225468204573,1.2406449935416652
1.9826666666666666,110.77225468204573,1.2406449935416652
1.9833333333333334,98.13010235415607,1.202081528017131
1.9840000000000002,98.13010235415607,1.202081528017131
1.9846666666666666,98.13010235415607,1.202081528017131
1.9853333333333334,98.13010235415607,1.202081528017131
1.986,98.13010235415607,1.202081528017131
1.9866666666666668,98.13010235415607,1.202081528017131
1.9873333333333332,98.13010235415607,1.202081528017131
1.988,98.13010235415607,1.202081528017131
1.9886666666666666,98.13010235415607,1.202081528017131
1.9893333333333334,98.13010235415607,1.202081528017131
1.99,98.13010235415607,1.202081528017131
1.9906666666666666,98.13010235415607,1.202081528017131
1.9913333333333334,98.13010235415607,1.202081528017131
1.992,98.13010235415607,1.202081528017131
1.9926666666666668,98.13010235415607,1.202081528017131
1.9933333333333332,98.13010235415607,1.202081528017131
1.994,98.13010235415607,1.202081528017131
1.9946666666666668,98.13010235415607,1.202081528017131
1.9953333333333334,98.13010235415607,1.202081528017131
1.996,98.13010235415607,1.202081528017131
1.9966666666666666,98.13010235415607,1.202081528017131
1.9973333333333334,98.13010235415607,1.202081528017131
1.998,98.13010235415607,1.202081528017131
1.9986666666666666,98.13010235415607,1.202081528017131
1.9993333333333332,98.13010235415607,1.202081528017131
